metric_date,num_coinbase_first_moved,num_coinbase_big_cohi_move
2020-11-12,3,2
2020-11-11,82,407
2020-11-10,168,352
2020-11-09,102,269
2020-11-08,133,568
2020-11-07,99,310
2020-11-06,139,584
2020-11-05,95,245
2020-11-04,141,283
2020-11-03,74,257
2020-11-02,144,375
2020-11-01,97,175
2020-10-31,72,149
2020-10-30,124,218
2020-10-29,68,203
2020-10-28,125,243
2020-10-27,138,371
2020-10-26,167,351
2020-10-25,127,210
2020-10-24,86,250
2020-10-23,129,330
2020-10-22,91,517
2020-10-21,108,355
2020-10-20,131,544
2020-10-19,155,341
2020-10-18,132,309
2020-10-17,93,325
2020-10-16,475,1098
2020-10-15,142,265
2020-10-14,124,298
2020-10-13,117,377
2020-10-12,166,302
2020-10-11,95,219
2020-10-10,128,275
2020-10-09,118,319
2020-10-08,97,311
2020-10-07,174,331
2020-10-06,121,382
2020-10-05,103,316
2020-10-04,118,253
2020-10-03,131,203
2020-10-02,87,275
2020-10-01,125,311
2020-09-30,118,270
2020-09-29,133,323
2020-09-28,119,329
2020-09-27,109,417
2020-09-26,137,281
2020-09-25,111,510
2020-09-24,123,360
2020-09-23,88,491
2020-09-22,192,482
2020-09-21,235,463
2020-09-20,131,404
2020-09-19,144,355
2020-09-18,163,343
2020-09-17,117,390
2020-09-16,151,366
2020-09-15,117,290
2020-09-14,109,385
2020-09-13,147,324
2020-09-12,97,319
2020-09-11,159,374
2020-09-10,157,384
2020-09-09,209,429
2020-09-08,145,342
2020-09-07,114,301
2020-09-06,110,278
2020-09-05,82,320
2020-09-04,114,455
2020-09-03,151,367
2020-09-02,137,307
2020-09-01,182,309
2020-08-31,208,392
2020-08-30,90,223
2020-08-29,98,242
2020-08-28,125,271
2020-08-27,107,309
2020-08-26,123,347
2020-08-25,160,284
2020-08-24,163,322
2020-08-23,93,221
2020-08-22,105,221
2020-08-21,154,332
2020-08-20,123,344
2020-08-19,121,327
2020-08-18,161,400
2020-08-17,138,360
2020-08-16,123,229
2020-08-15,124,260
2020-08-14,116,447
2020-08-13,116,250
2020-08-12,151,266
2020-08-11,107,271
2020-08-10,158,415
2020-08-09,137,256
2020-08-08,150,278
2020-08-07,105,258
2020-08-06,93,245
2020-08-05,194,350
2020-08-04,129,242
2020-08-03,124,285
2020-08-02,164,273
2020-08-01,102,256
2020-07-31,151,360
2020-07-30,157,294
2020-07-29,128,214
2020-07-28,97,211
2020-07-27,149,338
2020-07-26,137,358
2020-07-25,113,261
2020-07-24,182,347
2020-07-23,96,225
2020-07-22,156,278
2020-07-21,111,286
2020-07-20,99,269
2020-07-19,157,287
2020-07-18,112,239
2020-07-17,92,290
2020-07-16,127,311
2020-07-15,110,603
2020-07-14,93,823
2020-07-13,189,751
2020-07-12,151,313
2020-07-11,91,260
2020-07-10,237,425
2020-07-09,95,282
2020-07-08,203,327
2020-07-07,135,299
2020-07-06,138,299
2020-07-05,101,230
2020-07-04,152,294
2020-07-03,96,248
2020-07-02,131,294
2020-07-01,156,310
2020-06-30,100,292
2020-06-29,123,332
2020-06-28,212,389
2020-06-27,155,304
2020-06-26,140,323
2020-06-25,77,271
2020-06-24,148,350
2020-06-23,526,624
2020-06-22,77,273
2020-06-21,94,232
2020-06-20,111,264
2020-06-19,123,288
2020-06-18,89,272
2020-06-17,81,263
2020-06-16,127,453
2020-06-15,194,408
2020-06-14,89,320
2020-06-13,116,305
2020-06-12,110,313
2020-06-11,103,327
2020-06-10,131,394
2020-06-09,152,441
2020-06-08,128,387
2020-06-07,158,346
2020-06-06,106,240
2020-06-05,143,301
2020-06-04,132,275
2020-06-03,93,373
2020-06-02,143,442
2020-06-01,116,383
2020-05-31,165,321
2020-05-30,124,320
2020-05-29,108,322
2020-05-28,192,549
2020-05-27,130,242
2020-05-26,98,203
2020-05-25,85,219
2020-05-24,127,260
2020-05-23,83,236
2020-05-22,103,274
2020-05-21,108,261
2020-05-20,120,275
2020-05-19,134,225
2020-05-18,126,357
2020-05-17,98,178
2020-05-16,98,236
2020-05-15,99,259
2020-05-14,84,250
2020-05-13,98,242
2020-05-12,113,464
2020-05-11,174,373
2020-05-10,132,346
2020-05-09,139,318
2020-05-08,141,325
2020-05-07,129,378
2020-05-06,134,343
2020-05-05,174,326
2020-05-04,135,292
2020-05-03,116,251
2020-05-02,129,353
2020-05-01,132,282
2020-04-30,134,479
2020-04-29,116,330
2020-04-28,115,298
2020-04-27,120,304
2020-04-26,128,265
2020-04-25,140,318
2020-04-24,137,361
2020-04-23,128,319
2020-04-22,148,367
2020-04-21,158,364
2020-04-20,155,358
2020-04-19,152,327
2020-04-18,132,351
2020-04-17,151,397
2020-04-16,145,384
2020-04-15,146,495
2020-04-14,169,516
2020-04-13,136,343
2020-04-12,143,322
2020-04-11,151,318
2020-04-10,156,330
2020-04-09,131,334
2020-04-08,163,583
2020-04-07,152,501
2020-04-06,162,366
2020-04-05,141,280
2020-04-04,144,289
2020-04-03,117,327
2020-04-02,142,400
2020-04-01,168,540
2020-03-31,145,343
2020-03-30,128,356
2020-03-29,128,294
2020-03-28,136,304
2020-03-27,165,285
2020-03-26,100,221
2020-03-25,108,268
2020-03-24,202,321
2020-03-23,96,253
2020-03-22,141,266
2020-03-21,104,231
2020-03-20,85,258
2020-03-19,112,292
2020-03-18,132,312
2020-03-17,98,304
2020-03-16,134,281
2020-03-15,107,260
2020-03-14,113,246
2020-03-13,133,324
2020-03-12,128,418
2020-03-11,112,304
2020-03-10,178,383
2020-03-09,143,362
2020-03-08,135,310
2020-03-07,135,325
2020-03-06,165,371
2020-03-05,182,664
2020-03-04,125,315
2020-03-03,136,365
2020-03-02,193,416
2020-03-01,107,331
2020-02-29,192,316
2020-02-28,120,346
2020-02-27,120,330
2020-02-26,138,387
2020-02-25,128,340
2020-02-24,142,464
2020-02-23,156,254
2020-02-22,119,317
2020-02-21,172,400
2020-02-20,103,445
2020-02-19,178,356
2020-02-18,149,424
2020-02-17,168,338
2020-02-16,103,342
2020-02-15,117,282
2020-02-14,163,343
2020-02-13,127,304
2020-02-12,174,353
2020-02-11,113,322
2020-02-10,137,404
2020-02-09,109,314
2020-02-08,157,310
2020-02-07,112,395
2020-02-06,163,339
2020-02-05,169,405
2020-02-04,125,339
2020-02-03,119,412
2020-02-02,109,413
2020-02-01,193,401
2020-01-31,135,331
2020-01-30,147,308
2020-01-29,154,310
2020-01-28,127,334
2020-01-27,105,355
2020-01-26,149,386
2020-01-25,160,370
2020-01-24,170,339
2020-01-23,167,340
2020-01-22,180,326
2020-01-21,147,338
2020-01-20,140,359
2020-01-19,103,298
2020-01-18,144,307
2020-01-17,147,297
2020-01-16,123,320
2020-01-15,149,349
2020-01-14,136,487
2020-01-13,177,391
2020-01-12,130,262
2020-01-11,148,300
2020-01-10,175,454
2020-01-09,128,307
2020-01-08,170,367
2020-01-07,125,446
2020-01-06,158,434
2020-01-05,162,329
2020-01-04,154,351
2020-01-03,165,392
2020-01-02,159,450
2020-01-01,130,293
2019-12-31,157,329
2019-12-30,134,371
2019-12-29,172,306
2019-12-28,119,229
2019-12-27,138,307
2019-12-26,117,314
2019-12-25,148,352
2019-12-24,156,350
2019-12-23,175,435
2019-12-22,158,268
2019-12-21,136,254
2019-12-20,141,293
2019-12-19,139,315
2019-12-18,157,415
2019-12-17,139,295
2019-12-16,146,586
2019-12-15,127,256
2019-12-14,137,255
2019-12-13,228,385
2019-12-12,140,251
2019-12-11,141,279
2019-12-10,128,406
2019-12-09,154,334
2019-12-08,134,285
2019-12-07,133,282
2019-12-06,137,326
2019-12-05,158,303
2019-12-04,147,286
2019-12-03,110,250
2019-12-02,136,286
2019-12-01,121,315
2019-11-30,133,275
2019-11-29,180,362
2019-11-28,111,291
2019-11-27,125,366
2019-11-26,157,384
2019-11-25,129,386
2019-11-24,148,281
2019-11-23,131,301
2019-11-22,120,370
2019-11-21,132,401
2019-11-20,157,400
2019-11-19,350,599
2019-11-18,143,399
2019-11-17,106,304
2019-11-16,155,346
2019-11-15,183,766
2019-11-14,153,313
2019-11-13,93,272
2019-11-12,170,315
2019-11-11,140,283
2019-11-10,119,243
2019-11-09,124,265
2019-11-08,116,246
2019-11-07,115,269
2019-11-06,131,251
2019-11-05,111,259
2019-11-04,134,287
2019-11-03,124,266
2019-11-02,100,288
2019-11-01,157,312
2019-10-31,131,234
2019-10-30,111,222
2019-10-29,151,274
2019-10-28,104,258
2019-10-27,100,299
2019-10-26,127,309
2019-10-25,113,376
2019-10-24,145,355
2019-10-23,142,386
2019-10-22,161,375
2019-10-21,174,345
2019-10-20,130,301
2019-10-19,136,326
2019-10-18,147,340
2019-10-17,152,313
2019-10-16,142,295
2019-10-15,127,363
2019-10-14,159,296
2019-10-13,143,296
2019-10-12,126,265
2019-10-11,166,366
2019-10-10,127,373
2019-10-09,158,421
2019-10-08,156,406
2019-10-07,163,366
2019-10-06,117,271
2019-10-05,146,300
2019-10-04,155,394
2019-10-03,137,326
2019-10-02,129,310
2019-10-01,112,343
2019-09-30,144,346
2019-09-29,132,336
2019-09-28,134,356
2019-09-27,195,379
2019-09-26,125,334
2019-09-25,162,405
2019-09-24,171,600
2019-09-23,141,356
2019-09-22,155,317
2019-09-21,124,315
2019-09-20,156,368
2019-09-19,144,349
2019-09-18,161,333
2019-09-17,138,385
2019-09-16,136,367
2019-09-15,143,304
2019-09-14,217,367
2019-09-13,141,371
2019-09-12,177,396
2019-09-11,163,323
2019-09-10,149,328
2019-09-09,206,278
2019-09-08,114,254
2019-09-07,136,299
2019-09-06,163,365
2019-09-05,137,320
2019-09-04,167,417
2019-09-03,129,332
2019-09-02,147,311
2019-09-01,140,270
2019-08-31,96,257
2019-08-30,210,349
2019-08-29,164,338
2019-08-28,160,402
2019-08-27,110,512
2019-08-26,160,492
2019-08-25,126,308
2019-08-24,136,291
2019-08-23,175,341
2019-08-22,130,308
2019-08-21,172,546
2019-08-20,131,294
2019-08-19,131,306
2019-08-18,155,312
2019-08-17,138,281
2019-08-16,124,425
2019-08-15,148,442
2019-08-14,259,436
2019-08-13,76,403
2019-08-12,185,386
2019-08-11,123,277
2019-08-10,97,306
2019-08-09,142,431
2019-08-08,182,428
2019-08-07,151,303
2019-08-06,185,373
2019-08-05,133,503
2019-08-04,171,349
2019-08-03,146,461
2019-08-02,308,635
2019-08-01,289,457
2019-07-31,159,357
2019-07-30,142,376
2019-07-29,143,312
2019-07-28,126,411
2019-07-27,123,268
2019-07-26,149,334
2019-07-25,120,326
2019-07-24,132,303
2019-07-23,127,315
2019-07-22,158,323
2019-07-21,132,250
2019-07-20,137,277
2019-07-19,113,346
2019-07-18,98,270
2019-07-17,154,337
2019-07-16,168,490
2019-07-15,122,353
2019-07-14,131,257
2019-07-13,122,335
2019-07-12,119,305
2019-07-11,115,298
2019-07-10,150,391
2019-07-09,147,440
2019-07-08,153,374
2019-07-07,130,286
2019-07-06,133,282
2019-07-05,126,241
2019-07-04,196,235
2019-07-03,138,400
2019-07-02,133,306
2019-07-01,160,323
2019-06-30,129,311
2019-06-29,141,322
2019-06-28,199,479
2019-06-27,146,324
2019-06-26,131,408
2019-06-25,137,337
2019-06-24,212,369
2019-06-23,127,295
2019-06-22,155,365
2019-06-21,103,344
2019-06-20,175,379
2019-06-19,235,405
2019-06-18,104,359
2019-06-17,139,355
2019-06-16,115,344
2019-06-15,137,288
2019-06-14,215,411
2019-06-13,135,396
2019-06-12,117,281
2019-06-11,134,306
2019-06-10,108,292
2019-06-09,91,255
2019-06-08,115,333
2019-06-07,156,333
2019-06-06,122,304
2019-06-05,161,402
2019-06-04,219,386
2019-06-03,118,315
2019-06-02,119,318
2019-06-01,138,337
2019-05-31,137,426
2019-05-30,168,417
2019-05-29,181,424
2019-05-28,91,261
2019-05-27,163,249
2019-05-26,107,283
2019-05-25,151,292
2019-05-24,231,525
2019-05-23,168,368
2019-05-22,158,406
2019-05-21,186,361
2019-05-20,196,351
2019-05-19,169,292
2019-05-18,148,245
2019-05-17,109,411
2019-05-16,138,314
2019-05-15,165,371
2019-05-14,216,336
2019-05-13,112,269
2019-05-12,110,277
2019-05-11,132,214
2019-05-10,91,296
2019-05-09,158,496
2019-05-08,87,314
2019-05-07,133,362
2019-05-06,167,397
2019-05-05,113,330
2019-05-04,192,385
2019-05-03,139,438
2019-05-02,207,264
2019-05-01,114,324
2019-04-30,210,299
2019-04-29,158,365
2019-04-28,98,221
2019-04-27,97,236
2019-04-26,117,316
2019-04-25,160,317
2019-04-24,239,757
2019-04-23,93,379
2019-04-22,175,282
2019-04-21,143,308
2019-04-20,146,278
2019-04-19,170,305
2019-04-18,148,263
2019-04-17,120,329
2019-04-16,129,239
2019-04-15,103,320
2019-04-14,134,266
2019-04-13,99,238
2019-04-12,142,226
2019-04-11,129,298
2019-04-10,170,305
2019-04-09,95,1004
2019-04-08,180,546
2019-04-07,131,422
2019-04-06,112,241
2019-04-05,148,208
2019-04-04,91,248
2019-04-03,205,415
2019-04-02,146,321
2019-04-01,158,555
2019-03-31,90,478
2019-03-30,93,563
2019-03-29,254,418
2019-03-28,101,349
2019-03-27,121,282
2019-03-26,488,611
2019-03-25,136,366
2019-03-24,89,252
2019-03-23,136,324
2019-03-22,123,356
2019-03-21,233,400
2019-03-20,121,349
2019-03-19,146,345
2019-03-18,166,396
2019-03-17,128,361
2019-03-16,127,396
2019-03-15,215,336
2019-03-14,119,378
2019-03-13,138,236
2019-03-12,146,349
2019-03-11,126,252
2019-03-10,120,239
2019-03-09,109,271
2019-03-08,130,316
2019-03-07,156,305
2019-03-06,113,518
2019-03-05,128,555
2019-03-04,129,325
2019-03-03,126,238
2019-03-02,100,259
2019-03-01,182,285
2019-02-28,141,332
2019-02-27,138,343
2019-02-26,121,380
2019-02-25,126,336
2019-02-24,120,277
2019-02-23,130,335
2019-02-22,183,429
2019-02-21,118,250
2019-02-20,117,364
2019-02-19,231,629
2019-02-18,152,325
2019-02-17,128,269
2019-02-16,132,249
2019-02-15,146,300
2019-02-14,141,333
2019-02-13,194,439
2019-02-12,149,377
2019-02-11,121,303
2019-02-10,130,311
2019-02-09,128,291
2019-02-08,130,463
2019-02-07,145,400
2019-02-06,265,259
2019-02-05,126,290
2019-02-04,121,278
2019-02-03,118,253
2019-02-02,125,227
2019-02-01,139,655
2019-01-31,115,225
2019-01-30,181,243
2019-01-29,132,274
2019-01-28,123,355
2019-01-27,112,250
2019-01-26,131,258
2019-01-25,107,283
2019-01-24,110,417
2019-01-23,123,304
2019-01-22,106,311
2019-01-21,153,317
2019-01-20,116,268
2019-01-19,112,276
2019-01-18,164,391
2019-01-17,111,306
2019-01-16,152,395
2019-01-15,108,321
2019-01-14,143,439
2019-01-13,120,474
2019-01-12,127,236
2019-01-11,102,619
2019-01-10,265,283
2019-01-09,461,557
2019-01-08,98,498
2019-01-07,96,499
2019-01-06,147,486
2019-01-05,271,469
2019-01-04,162,300
2019-01-03,92,311
2019-01-02,155,335
2019-01-01,118,344
2018-12-31,99,344
2018-12-30,135,216
2018-12-29,122,234
2018-12-28,145,196
2018-12-27,108,310
2018-12-26,143,313
2018-12-25,108,252
2018-12-24,167,358
2018-12-23,114,247
2018-12-22,137,210
2018-12-21,91,217
2018-12-20,167,390
2018-12-19,159,235
2018-12-18,97,220
2018-12-17,145,297
2018-12-16,106,229
2018-12-15,130,265
2018-12-14,87,244
2018-12-13,107,217
2018-12-12,122,424
2018-12-11,161,407
2018-12-10,94,237
2018-12-09,114,289
2018-12-08,173,452
2018-12-07,119,412
2018-12-06,101,309
2018-12-05,157,233
2018-12-04,98,254
2018-12-03,119,207
2018-12-02,72,235
2018-12-01,79,201
2018-11-30,113,201
2018-11-29,72,616
2018-11-28,338,566
2018-11-27,123,284
2018-11-26,138,337
2018-11-25,179,402
2018-11-24,136,241
2018-11-23,84,335
2018-11-22,108,261
2018-11-21,254,358
2018-11-20,106,297
2018-11-19,181,305
2018-11-18,119,240
2018-11-17,114,206
2018-11-16,92,277
2018-11-15,133,343
2018-11-14,99,308
2018-11-13,108,345
2018-11-12,176,360
2018-11-11,94,253
2018-11-10,86,241
2018-11-09,120,277
2018-11-08,107,296
2018-11-07,117,319
2018-11-06,151,327
2018-11-05,108,367
2018-11-04,118,310
2018-11-03,213,262
2018-11-02,113,306
2018-11-01,126,272
2018-10-31,147,273
2018-10-30,102,275
2018-10-29,220,346
2018-10-28,102,245
2018-10-27,135,187
2018-10-26,107,373
2018-10-25,100,352
2018-10-24,133,268
2018-10-23,122,287
2018-10-22,142,272
2018-10-21,106,244
2018-10-20,156,213
2018-10-19,92,681
2018-10-18,105,295
2018-10-17,122,271
2018-10-16,140,321
2018-10-15,146,353
2018-10-14,117,239
2018-10-13,106,252
2018-10-12,197,440
2018-10-11,96,358
2018-10-10,127,311
2018-10-09,184,418
2018-10-08,192,398
2018-10-07,98,239
2018-10-06,105,229
2018-10-05,124,240
2018-10-04,119,322
2018-10-03,131,305
2018-10-02,126,280
2018-10-01,148,276
2018-09-30,108,365
2018-09-29,134,254
2018-09-28,120,374
2018-09-27,116,490
2018-09-26,220,344
2018-09-25,137,334
2018-09-24,134,302
2018-09-23,127,288
2018-09-22,144,291
2018-09-21,132,369
2018-09-20,141,417
2018-09-19,130,334
2018-09-18,174,339
2018-09-17,125,322
2018-09-16,103,273
2018-09-15,122,286
2018-09-14,121,321
2018-09-13,160,306
2018-09-12,185,272
2018-09-11,102,229
2018-09-10,98,256
2018-09-09,143,214
2018-09-08,124,216
2018-09-07,131,259
2018-09-06,167,287
2018-09-05,113,306
2018-09-04,120,313
2018-09-03,144,292
2018-09-02,125,277
2018-09-01,154,310
2018-08-31,130,351
2018-08-30,139,271
2018-08-29,127,336
2018-08-28,148,305
2018-08-27,159,307
2018-08-26,118,214
2018-08-25,131,243
2018-08-24,182,471
2018-08-23,119,308
2018-08-22,160,348
2018-08-21,132,358
2018-08-20,174,358
2018-08-19,117,271
2018-08-18,127,254
2018-08-17,134,294
2018-08-16,132,308
2018-08-15,127,368
2018-08-14,122,330
2018-08-13,121,384
2018-08-12,185,282
2018-08-11,83,168
2018-08-10,107,245
2018-08-09,125,240
2018-08-08,128,290
2018-08-07,129,292
2018-08-06,149,313
2018-08-05,113,289
2018-08-04,129,276
2018-08-03,142,283
2018-08-02,128,226
2018-08-01,125,330
2018-07-31,95,349
2018-07-30,134,502
2018-07-29,153,312
2018-07-28,115,283
2018-07-27,177,494
2018-07-26,147,377
2018-07-25,137,326
2018-07-24,145,362
2018-07-23,162,369
2018-07-22,152,323
2018-07-21,104,316
2018-07-20,185,394
2018-07-19,180,373
2018-07-18,179,263
2018-07-17,104,244
2018-07-16,113,278
2018-07-15,158,267
2018-07-14,101,298
2018-07-13,115,287
2018-07-12,137,289
2018-07-11,139,333
2018-07-10,126,290
2018-07-09,126,370
2018-07-08,168,259
2018-07-07,124,249
2018-07-06,151,289
2018-07-05,92,352
2018-07-04,131,381
2018-07-03,119,307
2018-07-02,171,420
2018-07-01,101,293
2018-06-30,166,288
2018-06-29,121,254
2018-06-28,114,240
2018-06-27,189,323
2018-06-26,139,322
2018-06-25,122,317
2018-06-24,170,296
2018-06-23,88,254
2018-06-22,188,333
2018-06-21,116,368
2018-06-20,161,352
2018-06-19,124,381
2018-06-18,171,321
2018-06-17,115,261
2018-06-16,132,298
2018-06-15,305,349
2018-06-14,111,343
2018-06-13,143,387
2018-06-12,295,358
2018-06-11,105,442
2018-06-10,88,251
2018-06-09,101,223
2018-06-08,205,325
2018-06-07,110,362
2018-06-06,133,352
2018-06-05,213,372
2018-06-04,163,400
2018-06-03,128,372
2018-06-02,122,321
2018-06-01,246,489
2018-05-31,116,311
2018-05-30,82,305
2018-05-29,138,359
2018-05-28,187,380
2018-05-27,115,321
2018-05-26,114,312
2018-05-25,201,376
2018-05-24,103,321
2018-05-23,126,351
2018-05-22,154,316
2018-05-21,110,331
2018-05-20,132,294
2018-05-19,209,242
2018-05-18,113,301
2018-05-17,108,296
2018-05-16,189,346
2018-05-15,105,264
2018-05-14,145,360
2018-05-13,116,277
2018-05-12,123,299
2018-05-11,162,335
2018-05-10,164,282
2018-05-09,92,202
2018-05-08,70,209
2018-05-07,213,289
2018-05-06,117,257
2018-05-05,98,269
2018-05-04,112,410
2018-05-03,234,358
2018-05-02,110,367
2018-05-01,115,302
2018-04-30,98,270
2018-04-29,188,280
2018-04-28,116,300
2018-04-27,115,309
2018-04-26,169,322
2018-04-25,106,330
2018-04-24,123,351
2018-04-23,168,352
2018-04-22,121,323
2018-04-21,94,384
2018-04-20,204,400
2018-04-19,149,346
2018-04-18,118,338
2018-04-17,202,326
2018-04-16,109,343
2018-04-15,101,312
2018-04-14,114,318
2018-04-13,194,357
2018-04-12,137,375
2018-04-11,143,438
2018-04-10,179,389
2018-04-09,107,353
2018-04-08,136,378
2018-04-07,112,370
2018-04-06,189,288
2018-04-05,105,330
2018-04-04,113,352
2018-04-03,125,399
2018-04-02,140,352
2018-04-01,153,307
2018-03-31,99,323
2018-03-30,95,235
2018-03-29,187,340
2018-03-28,110,373
2018-03-27,116,324
2018-03-26,101,294
2018-03-25,124,270
2018-03-24,127,272
2018-03-23,158,442
2018-03-22,96,448
2018-03-21,108,483
2018-03-20,325,389
2018-03-19,113,313
2018-03-18,103,344
2018-03-17,118,230
2018-03-16,180,209
2018-03-15,193,213
2018-03-14,100,160
2018-03-13,226,254
2018-03-12,110,257
2018-03-11,179,204
2018-03-10,121,199
2018-03-09,118,219
2018-03-08,173,200
2018-03-07,105,196
2018-03-06,108,391
2018-03-05,176,478
2018-03-04,180,434
2018-03-03,134,246
2018-03-02,110,216
2018-03-01,215,235
2018-02-28,104,226
2018-02-27,126,255
2018-02-26,96,253
2018-02-25,105,210
2018-02-24,142,223
2018-02-23,121,242
2018-02-22,200,276
2018-02-21,102,266
2018-02-20,182,195
2018-02-19,149,223
2018-02-18,92,193
2018-02-17,188,212
2018-02-16,113,231
2018-02-15,122,252
2018-02-14,146,283
2018-02-13,117,312
2018-02-12,196,258
2018-02-11,123,242
2018-02-10,99,298
2018-02-09,147,302
2018-02-08,184,174
2018-02-07,131,240
2018-02-06,108,299
2018-02-05,149,314
2018-02-04,181,236
2018-02-03,93,209
2018-02-02,153,246
2018-02-01,232,237
2018-01-31,88,229
2018-01-30,141,272
2018-01-29,133,253
2018-01-28,165,231
2018-01-27,110,275
2018-01-26,93,296
2018-01-25,173,322
2018-01-24,110,282
2018-01-23,180,223
2018-01-22,102,246
2018-01-21,169,222
2018-01-20,177,275
2018-01-19,111,237
2018-01-18,140,257
2018-01-17,174,225
2018-01-16,194,314
2018-01-15,107,209
2018-01-14,162,248
2018-01-13,116,242
2018-01-12,140,211
2018-01-11,122,242
2018-01-10,200,180
2018-01-09,113,176
2018-01-08,150,218
2018-01-07,113,205
2018-01-06,127,298
2018-01-05,138,205
2018-01-04,111,247
2018-01-03,105,244
2018-01-02,191,328
2018-01-01,111,129
2017-12-31,137,216
2017-12-30,76,163
2017-12-29,150,197
2017-12-28,260,481
2017-12-27,315,240
2017-12-26,80,227
2017-12-25,162,234
2017-12-24,103,199
2017-12-23,146,179
2017-12-22,117,197
2017-12-21,86,337
2017-12-20,161,246
2017-12-19,109,209
2017-12-18,160,249
2017-12-17,96,226
2017-12-16,172,201
2017-12-15,98,260
2017-12-14,165,221
2017-12-13,200,298
2017-12-12,114,274
2017-12-11,215,223
2017-12-10,100,162
2017-12-09,162,164
2017-12-08,163,256
2017-12-07,81,340
2017-12-06,192,326
2017-12-05,121,239
2017-12-04,143,288
2017-12-03,178,215
2017-12-02,113,270
2017-12-01,183,245
2017-11-30,175,307
2017-11-29,105,315
2017-11-28,154,335
2017-11-27,228,263
2017-11-26,104,189
2017-11-25,163,226
2017-11-24,114,167
2017-11-23,113,190
2017-11-22,171,243
2017-11-21,111,248
2017-11-20,185,209
2017-11-19,108,143
2017-11-18,157,181
2017-11-17,119,208
2017-11-16,107,228
2017-11-15,87,181
2017-11-14,109,201
2017-11-13,139,179
2017-11-12,130,93
2017-11-11,81,212
2017-11-10,121,254
2017-11-09,181,283
2017-11-08,129,230
2017-11-07,117,255
2017-11-06,126,212
2017-11-05,123,153
2017-11-04,182,237
2017-11-03,133,169
2017-11-02,105,285
2017-11-01,111,220
2017-10-31,99,210
2017-10-30,152,282
2017-10-29,127,216
2017-10-28,77,230
2017-10-27,125,204
2017-10-26,166,210
2017-10-25,109,269
2017-10-24,135,322
2017-10-23,184,202
2017-10-22,84,164
2017-10-21,170,176
2017-10-20,98,445
2017-10-19,99,227
2017-10-18,184,257
2017-10-17,170,229
2017-10-16,124,246
2017-10-15,94,152
2017-10-14,177,258
2017-10-13,80,393
2017-10-12,101,254
2017-10-11,117,321
2017-10-10,248,250
2017-10-09,122,306
2017-10-08,120,190
2017-10-07,170,279
2017-10-06,93,230
2017-10-05,83,192
2017-10-04,173,354
2017-10-03,79,188
2017-10-02,74,353
2017-10-01,196,335
2017-09-30,158,334
2017-09-29,229,221
2017-09-28,162,324
2017-09-27,99,244
2017-09-26,124,199
2017-09-25,209,195
2017-09-24,119,132
2017-09-23,71,192
2017-09-22,191,325
2017-09-21,84,211
2017-09-20,107,188
2017-09-19,207,312
2017-09-18,125,222
2017-09-17,110,172
2017-09-16,205,305
2017-09-15,163,331
2017-09-14,187,294
2017-09-13,193,232
2017-09-12,123,196
2017-09-11,89,229
2017-09-10,105,230
2017-09-09,167,274
2017-09-08,113,288
2017-09-07,120,303
2017-09-06,187,383
2017-09-05,129,249
2017-09-04,175,541
2017-09-03,107,209
2017-09-02,103,365
2017-09-01,152,322
2017-08-31,175,269
2017-08-30,177,358
2017-08-29,118,326
2017-08-28,132,245
2017-08-27,69,124
2017-08-26,80,235
2017-08-25,126,141
2017-08-24,82,149
2017-08-23,94,183
2017-08-22,274,143
2017-08-21,102,267
2017-08-20,177,203
2017-08-19,157,162
2017-08-18,184,223
2017-08-17,125,167
2017-08-16,129,276
2017-08-15,67,269
2017-08-14,136,235
2017-08-13,112,279
2017-08-12,63,188
2017-08-11,238,237
2017-08-10,60,213
2017-08-09,137,307
2017-08-08,186,302
2017-08-07,73,209
2017-08-06,108,249
2017-08-05,198,268
2017-08-04,147,207
2017-08-03,80,277
2017-08-02,120,160
2017-08-01,86,124
2017-07-31,189,269
2017-07-30,114,246
2017-07-29,76,212
2017-07-28,161,205
2017-07-27,176,333
2017-07-26,117,526
2017-07-25,134,221
2017-07-24,196,283
2017-07-23,76,135
2017-07-22,123,183
2017-07-21,138,336
2017-07-20,235,222
2017-07-19,104,185
2017-07-18,138,295
2017-07-17,120,250
2017-07-16,135,167
2017-07-15,143,194
2017-07-14,123,295
2017-07-13,183,286
2017-07-12,148,293
2017-07-11,128,166
2017-07-10,125,175
2017-07-09,106,243
2017-07-08,114,163
2017-07-07,131,286
2017-07-06,186,230
2017-07-05,137,243
2017-07-04,136,243
2017-07-03,156,210
2017-07-02,96,306
2017-07-01,133,199
2017-06-30,163,435
2017-06-29,116,201
2017-06-28,174,376
2017-06-27,68,209
2017-06-26,277,208
2017-06-25,118,169
2017-06-24,122,162
2017-06-23,132,220
2017-06-22,136,256
2017-06-21,131,268
2017-06-20,78,185
2017-06-19,175,216
2017-06-18,74,134
2017-06-17,122,182
2017-06-16,163,215
2017-06-15,120,175
2017-06-14,107,238
2017-06-13,130,222
2017-06-12,148,338
2017-06-11,81,199
2017-06-10,119,238
2017-06-09,109,210
2017-06-08,174,210
2017-06-07,141,246
2017-06-06,146,322
2017-06-05,183,256
2017-06-04,110,170
2017-06-03,158,237
2017-06-02,138,164
2017-06-01,70,200
2017-05-31,246,229
2017-05-30,107,230
2017-05-29,134,202
2017-05-28,186,183
2017-05-27,108,203
2017-05-26,102,406
2017-05-25,136,432
2017-05-24,172,303
2017-05-23,221,455
2017-05-22,225,287
2017-05-21,229,153
2017-05-20,57,158
2017-05-19,101,241
2017-05-18,174,258
2017-05-17,181,304
2017-05-16,210,167
2017-05-15,229,226
2017-05-14,113,132
2017-05-13,95,120
2017-05-12,126,277
2017-05-11,141,233
2017-05-10,102,419
2017-05-09,242,249
2017-05-08,121,247
2017-05-07,130,248
2017-05-06,96,191
2017-05-05,106,178
2017-05-04,139,306
2017-05-03,316,282
2017-05-02,106,268
2017-05-01,166,223
2017-04-30,115,259
2017-04-29,149,192
2017-04-28,181,322
2017-04-27,79,293
2017-04-26,193,447
2017-04-25,126,217
2017-04-24,102,232
2017-04-23,62,119
2017-04-22,117,196
2017-04-21,130,318
2017-04-20,88,245
2017-04-19,94,301
2017-04-18,246,600
2017-04-17,140,225
2017-04-16,107,196
2017-04-15,142,173
2017-04-14,214,547
2017-04-13,412,529
2017-04-12,141,302
2017-04-11,60,368
2017-04-10,115,187
2017-04-09,74,135
2017-04-08,78,146
2017-04-07,98,189
2017-04-06,138,355
2017-04-05,145,476
2017-04-04,164,316
2017-04-03,136,423
2017-04-02,61,152
2017-04-01,161,232
2017-03-31,78,584
2017-03-30,67,541
2017-03-29,489,730
2017-03-28,165,246
2017-03-27,169,315
2017-03-26,104,115
2017-03-25,58,153
2017-03-24,132,206
2017-03-23,493,114
2017-03-22,108,378
2017-03-21,93,133
2017-03-20,108,195
2017-03-19,122,146
2017-03-18,128,168
2017-03-17,99,208
2017-03-16,55,126
2017-03-15,102,246
2017-03-14,122,261
2017-03-13,84,145
2017-03-12,108,192
2017-03-11,55,170
2017-03-10,183,221
2017-03-09,136,200
2017-03-08,184,253
2017-03-07,107,212
2017-03-06,173,211
2017-03-05,58,167
2017-03-04,124,198
2017-03-03,86,339
2017-03-02,69,212
2017-03-01,140,205
2017-02-28,82,263
2017-02-27,115,242
2017-02-26,107,144
2017-02-25,54,226
2017-02-24,156,239
2017-02-23,99,393
2017-02-22,305,249
2017-02-21,112,200
2017-02-20,124,246
2017-02-19,120,422
2017-02-18,52,121
2017-02-17,143,296
2017-02-16,110,356
2017-02-15,114,293
2017-02-14,92,297
2017-02-13,183,274
2017-02-12,70,288
2017-02-11,124,207
2017-02-10,124,223
2017-02-09,173,457
2017-02-08,544,402
2017-02-07,80,196
2017-02-06,102,189
2017-02-05,138,176
2017-02-04,180,278
2017-02-03,134,210
2017-02-02,103,437
2017-02-01,151,377
2017-01-31,133,310
2017-01-30,58,144
2017-01-29,273,228
2017-01-28,164,258
2017-01-27,92,241
2017-01-26,135,262
2017-01-25,86,180
2017-01-24,182,303
2017-01-23,148,192
2017-01-22,90,331
2017-01-21,135,236
2017-01-20,106,216
2017-01-19,104,201
2017-01-18,91,284
2017-01-17,155,260
2017-01-16,102,237
2017-01-15,81,237
2017-01-14,136,190
2017-01-13,108,211
2017-01-12,123,236
2017-01-11,292,531
2017-01-10,117,318
2017-01-09,140,203
2017-01-08,83,182
2017-01-07,53,169
2017-01-06,153,223
2017-01-05,140,266
2017-01-04,117,299
2017-01-03,239,386
2017-01-02,115,266
2017-01-01,59,320
2016-12-31,131,138
2016-12-30,126,197
2016-12-29,65,387
2016-12-28,219,343
2016-12-27,112,238
2016-12-26,156,235
2016-12-25,111,206
2016-12-24,65,194
2016-12-23,153,459
2016-12-22,250,497
2016-12-21,90,196
2016-12-20,111,399
2016-12-19,235,405
2016-12-18,72,184
2016-12-17,109,329
2016-12-16,95,195
2016-12-15,129,200
2016-12-14,64,179
2016-12-13,181,244
2016-12-12,75,192
2016-12-11,42,292
2016-12-10,133,154
2016-12-09,129,158
2016-12-08,100,261
2016-12-07,155,631
2016-12-06,119,173
2016-12-05,92,426
2016-12-04,298,209
2016-12-03,109,233
2016-12-02,98,887
2016-12-01,136,496
2016-11-30,111,173
2016-11-29,97,148
2016-11-28,185,258
2016-11-27,124,126
2016-11-26,75,155
2016-11-25,94,163
2016-11-24,83,159
2016-11-23,116,165
2016-11-22,133,357
2016-11-21,181,504
2016-11-20,79,168
2016-11-19,81,289
2016-11-18,102,329
2016-11-17,121,435
2016-11-16,177,281
2016-11-15,129,150
2016-11-14,101,291
2016-11-13,88,190
2016-11-12,192,248
2016-11-11,108,209
2016-11-10,111,316
2016-11-09,295,247
2016-11-08,113,236
2016-11-07,185,460
2016-11-06,71,161
2016-11-05,112,168
2016-11-04,121,483
2016-11-03,112,214
2016-11-02,60,163
2016-11-01,214,332
2016-10-31,140,276
2016-10-30,66,153
2016-10-29,149,142
2016-10-28,255,187
2016-10-27,114,319
2016-10-26,105,148
2016-10-25,114,212
2016-10-24,165,624
2016-10-23,109,235
2016-10-22,114,183
2016-10-21,81,224
2016-10-20,129,357
2016-10-19,100,331
2016-10-18,329,232
2016-10-17,85,143
2016-10-16,49,167
2016-10-15,105,165
2016-10-14,164,182
2016-10-13,118,220
2016-10-12,150,299
2016-10-11,161,258
2016-10-10,225,240
2016-10-09,81,231
2016-10-08,145,199
2016-10-07,290,367
2016-10-06,130,272
2016-10-05,117,275
2016-10-04,129,215
2016-10-03,125,180
2016-10-02,97,199
2016-10-01,65,172
2016-09-30,264,299
2016-09-29,84,224
2016-09-28,84,269
2016-09-27,178,258
2016-09-26,134,222
2016-09-25,130,216
2016-09-24,109,205
2016-09-23,77,194
2016-09-22,115,190
2016-09-21,90,192
2016-09-20,90,179
2016-09-19,227,422
2016-09-18,301,147
2016-09-17,89,180
2016-09-16,84,255
2016-09-15,118,219
2016-09-14,116,151
2016-09-13,116,202
2016-09-12,133,200
2016-09-11,101,193
2016-09-10,113,196
2016-09-09,98,193
2016-09-08,115,297
2016-09-07,162,220
2016-09-06,96,172
2016-09-05,179,240
2016-09-04,123,227
2016-09-03,123,184
2016-09-02,93,202
2016-09-01,110,373
2016-08-31,272,262
2016-08-30,124,373
2016-08-29,166,262
2016-08-28,116,177
2016-08-27,93,125
2016-08-26,105,198
2016-08-25,78,156
2016-08-24,184,280
2016-08-23,174,506
2016-08-22,279,335
2016-08-21,95,171
2016-08-20,127,248
2016-08-19,151,321
2016-08-18,201,154
2016-08-17,118,159
2016-08-16,57,454
2016-08-15,240,503
2016-08-14,135,175
2016-08-13,126,115
2016-08-12,106,328
2016-08-11,79,579
2016-08-10,710,927
2016-08-09,160,103
2016-08-08,85,220
2016-08-07,106,158
2016-08-06,115,686
2016-08-05,119,269
2016-08-04,153,267
2016-08-03,54,152
2016-08-02,138,256
2016-08-01,50,211
2016-07-31,102,237
2016-07-30,61,154
2016-07-29,217,356
2016-07-28,63,204
2016-07-27,98,211
2016-07-26,75,305
2016-07-25,72,184
2016-07-24,82,132
2016-07-23,71,149
2016-07-22,95,223
2016-07-21,84,162
2016-07-20,120,473
2016-07-19,149,281
2016-07-18,69,483
2016-07-17,120,181
2016-07-16,60,130
2016-07-15,222,741
2016-07-14,91,176
2016-07-13,79,266
2016-07-12,109,199
2016-07-11,183,227
2016-07-10,152,128
2016-07-09,103,111
2016-07-08,83,209
2016-07-07,162,177
2016-07-06,101,215
2016-07-05,115,288
2016-07-04,114,165
2016-07-03,86,95
2016-07-02,77,97
2016-07-01,109,208
2016-06-30,103,162
2016-06-29,220,317
2016-06-28,137,156
2016-06-27,121,158
2016-06-26,162,209
2016-06-25,60,111
2016-06-24,99,135
2016-06-23,115,179
2016-06-22,71,498
2016-06-21,154,261
2016-06-20,359,490
2016-06-19,157,211
2016-06-18,98,156
2016-06-17,77,568
2016-06-16,109,295
2016-06-15,257,733
2016-06-14,77,249
2016-06-13,1099,1148
2016-06-12,144,460
2016-06-11,88,221
2016-06-10,104,232
2016-06-09,96,416
2016-06-08,109,230
2016-06-07,133,429
2016-06-06,111,426
2016-06-05,85,436
2016-06-04,90,231
2016-06-03,75,270
2016-06-02,129,295
2016-06-01,274,442
2016-05-31,182,274
2016-05-30,141,205
2016-05-29,84,351
2016-05-28,81,784
2016-05-27,101,222
2016-05-26,91,203
2016-05-25,95,300
2016-05-24,122,344
2016-05-23,298,199
2016-05-22,57,187
2016-05-21,128,195
2016-05-20,84,169
2016-05-19,99,216
2016-05-18,122,553
2016-05-17,103,250
2016-05-16,125,247
2016-05-15,95,215
2016-05-14,81,199
2016-05-13,139,262
2016-05-12,389,252
2016-05-11,111,256
2016-05-10,168,254
2016-05-09,98,160
2016-05-08,105,113
2016-05-07,63,75
2016-05-06,118,221
2016-05-05,104,187
2016-05-04,119,202
2016-05-03,74,254
2016-05-02,185,184
2016-05-01,48,173
2016-04-30,98,192
2016-04-29,104,153
2016-04-28,91,315
2016-04-27,78,133
2016-04-26,300,487
2016-04-25,110,172
2016-04-24,54,510
2016-04-23,108,193
2016-04-22,81,212
2016-04-21,162,543
2016-04-20,103,221
2016-04-19,83,553
2016-04-18,203,315
2016-04-17,49,524
2016-04-16,961,1366
2016-04-15,107,441
2016-04-14,178,241
2016-04-13,105,236
2016-04-12,113,251
2016-04-11,103,233
2016-04-10,106,201
2016-04-09,105,221
2016-04-08,97,223
2016-04-07,111,182
2016-04-06,87,216
2016-04-05,281,383
2016-04-04,89,208
2016-04-03,84,195
2016-04-02,87,199
2016-04-01,92,266
2016-03-31,104,179
2016-03-30,118,112
2016-03-29,53,230
2016-03-28,107,310
2016-03-27,99,211
2016-03-26,95,182
2016-03-25,90,344
2016-03-24,250,201
2016-03-23,90,283
2016-03-22,141,296
2016-03-21,89,235
2016-03-20,170,206
2016-03-19,88,214
2016-03-18,91,232
2016-03-17,94,175
2016-03-16,106,255
2016-03-15,272,363
2016-03-14,128,188
2016-03-13,81,176
2016-03-12,120,187
2016-03-11,103,278
2016-03-10,93,183
2016-03-09,65,185
2016-03-08,73,171
2016-03-07,601,664
2016-03-06,93,287
2016-03-05,196,211
2016-03-04,80,185
2016-03-03,112,256
2016-03-02,84,199
2016-03-01,80,176
2016-02-29,71,990
2016-02-28,92,195
2016-02-27,122,194
2016-02-26,86,271
2016-02-25,83,209
2016-02-24,232,448
2016-02-23,86,187
2016-02-22,85,213
2016-02-21,86,206
2016-02-20,104,213
2016-02-19,87,215
2016-02-18,378,540
2016-02-17,145,244
2016-02-16,220,180
2016-02-15,96,517
2016-02-14,95,498
2016-02-13,298,661
2016-02-12,211,220
2016-02-11,81,439
2016-02-10,83,303
2016-02-09,327,376
2016-02-08,100,213
2016-02-07,79,144
2016-02-06,467,492
2016-02-05,572,622
2016-02-04,127,256
2016-02-03,142,288
2016-02-02,151,574
2016-02-01,98,491
2016-01-31,219,234
2016-01-30,57,414
2016-01-29,217,268
2016-01-28,271,371
2016-01-27,97,209
2016-01-26,100,218
2016-01-25,92,173
2016-01-24,110,142
2016-01-23,90,367
2016-01-22,82,324
2016-01-21,97,152
2016-01-20,315,167
2016-01-19,92,144
2016-01-18,87,119
2016-01-17,78,142
2016-01-16,79,86
2016-01-15,84,69
2016-01-14,94,126
2016-01-13,96,177
2016-01-12,143,237
2016-01-11,151,152
2016-01-10,102,198
2016-01-09,105,242
2016-01-08,100,692
2016-01-07,170,614
2016-01-06,332,413
2016-01-05,95,190
2016-01-04,107,214
2016-01-03,92,136
2016-01-02,93,137
2016-01-01,83,183
2015-12-31,230,172
2015-12-30,92,126
2015-12-29,100,135
2015-12-28,323,136
2015-12-27,85,77
2015-12-26,108,140
2015-12-25,92,132
2015-12-24,85,219
2015-12-23,84,148
2015-12-22,165,113
2015-12-21,504,602
2015-12-20,94,221
2015-12-19,150,166
2015-12-18,103,235
2015-12-17,88,349
2015-12-16,125,179
2015-12-15,101,174
2015-12-14,164,199
2015-12-13,76,142
2015-12-12,111,165
2015-12-11,126,246
2015-12-10,171,426
2015-12-09,105,416
2015-12-08,228,382
2015-12-07,192,296
2015-12-06,242,357
2015-12-05,109,182
2015-12-04,89,176
2015-12-03,100,440
2015-12-02,98,448
2015-12-01,147,656
2015-11-30,102,487
2015-11-29,100,189
2015-11-28,87,177
2015-11-27,379,442
2015-11-26,372,248
2015-11-25,99,241
2015-11-24,108,318
2015-11-23,150,318
2015-11-22,91,207
2015-11-21,96,198
2015-11-20,141,224
2015-11-19,109,181
2015-11-18,86,160
2015-11-17,210,412
2015-11-16,212,175
2015-11-15,99,183
2015-11-14,103,167
2015-11-13,150,225
2015-11-12,73,322
2015-11-11,169,495
2015-11-10,223,671
2015-11-09,73,396
2015-11-08,98,131
2015-11-07,75,134
2015-11-06,278,438
2015-11-05,259,349
2015-11-04,279,388
2015-11-03,184,347
2015-11-02,327,426
2015-11-01,83,128
2015-10-31,77,108
2015-10-30,94,336
2015-10-29,332,455
2015-10-28,99,131
2015-10-27,135,149
2015-10-26,90,426
2015-10-25,80,226
2015-10-24,300,369
2015-10-23,81,152
2015-10-22,92,347
2015-10-21,69,359
2015-10-20,76,189
2015-10-19,442,350
2015-10-18,61,143
2015-10-17,88,202
2015-10-16,95,163
2015-10-15,84,305
2015-10-14,159,260
2015-10-13,86,154
2015-10-12,523,261
2015-10-11,88,148
2015-10-10,101,148
2015-10-09,85,138
2015-10-08,147,218
2015-10-07,273,375
2015-10-06,207,300
2015-10-05,134,373
2015-10-04,98,169
2015-10-03,77,258
2015-10-02,169,362
2015-10-01,68,344
2015-09-30,90,243
2015-09-29,141,353
2015-09-28,192,281
2015-09-27,61,198
2015-09-26,89,211
2015-09-25,370,474
2015-09-24,132,293
2015-09-23,73,315
2015-09-22,73,274
2015-09-21,181,229
2015-09-20,80,71
2015-09-19,61,154
2015-09-18,79,232
2015-09-17,107,332
2015-09-16,150,373
2015-09-15,83,334
2015-09-14,67,223
2015-09-13,119,140
2015-09-12,82,175
2015-09-11,79,275
2015-09-10,267,214
2015-09-09,74,290
2015-09-08,387,484
2015-09-07,128,400
2015-09-06,109,185
2015-09-05,86,196
2015-09-04,101,362
2015-09-03,100,177
2015-09-02,124,216
2015-09-01,159,212
2015-08-31,164,174
2015-08-30,90,163
2015-08-29,102,204
2015-08-28,88,241
2015-08-27,59,245
2015-08-26,62,95
2015-08-25,396,361
2015-08-24,80,213
2015-08-23,33,188
2015-08-22,163,210
2015-08-21,90,146
2015-08-20,101,282
2015-08-19,74,174
2015-08-18,161,264
2015-08-17,57,122
2015-08-16,84,157
2015-08-15,83,319
2015-08-14,92,279
2015-08-13,66,200
2015-08-12,99,306
2015-08-11,159,405
2015-08-10,141,168
2015-08-09,86,110
2015-08-08,587,194
2015-08-07,68,126
2015-08-06,96,159
2015-08-05,162,333
2015-08-04,90,170
2015-08-03,102,343
2015-08-02,82,167
2015-08-01,84,216
2015-07-31,146,138
2015-07-30,76,232
2015-07-29,91,157
2015-07-28,154,202
2015-07-27,161,299
2015-07-26,80,160
2015-07-25,591,143
2015-07-24,88,158
2015-07-23,94,152
2015-07-22,70,242
2015-07-21,89,207
2015-07-20,98,229
2015-07-19,150,122
2015-07-18,83,123
2015-07-17,77,241
2015-07-16,116,147
2015-07-15,90,126
2015-07-14,103,160
2015-07-13,71,71
2015-07-12,59,56
2015-07-11,74,199
2015-07-10,100,298
2015-07-09,128,172
2015-07-08,587,517
2015-07-07,100,167
2015-07-06,97,318
2015-07-05,83,96
2015-07-04,81,86
2015-07-03,79,80
2015-07-02,102,65
2015-07-01,110,190
2015-06-30,138,185
2015-06-29,74,199
2015-06-28,93,168
2015-06-27,75,138
2015-06-26,90,156
2015-06-25,88,248
2015-06-24,81,158
2015-06-23,167,160
2015-06-22,87,193
2015-06-21,83,160
2015-06-20,82,155
2015-06-19,244,625
2015-06-18,122,135
2015-06-17,84,227
2015-06-16,219,577
2015-06-15,265,259
2015-06-14,137,180
2015-06-13,99,149
2015-06-12,88,191
2015-06-11,93,228
2015-06-10,177,248
2015-06-09,124,230
2015-06-08,183,217
2015-06-07,123,200
2015-06-06,127,111
2015-06-05,98,87
2015-06-04,68,110
2015-06-03,130,446
2015-06-02,73,406
2015-06-01,112,204
2015-05-31,110,76
2015-05-30,123,115
2015-05-29,129,210
2015-05-28,99,255
2015-05-27,169,220
2015-05-26,120,186
2015-05-25,98,219
2015-05-24,103,187
2015-05-23,119,231
2015-05-22,105,391
2015-05-21,141,420
2015-05-20,120,186
2015-05-19,121,410
2015-05-18,110,237
2015-05-17,101,169
2015-05-16,108,184
2015-05-15,101,159
2015-05-14,108,178
2015-05-13,111,209
2015-05-12,178,265
2015-05-11,252,279
2015-05-10,113,195
2015-05-09,120,195
2015-05-08,99,195
2015-05-07,137,242
2015-05-06,92,236
2015-05-05,121,154
2015-05-04,170,216
2015-05-03,116,92
2015-05-02,92,119
2015-05-01,114,174
2015-04-30,110,218
2015-04-29,103,285
2015-04-28,145,270
2015-04-27,153,353
2015-04-26,102,167
2015-04-25,106,188
2015-04-24,96,196
2015-04-23,103,224
2015-04-22,143,211
2015-04-21,93,178
2015-04-20,106,203
2015-04-19,120,219
2015-04-18,107,169
2015-04-17,112,240
2015-04-16,151,198
2015-04-15,127,272
2015-04-14,130,207
2015-04-13,201,491
2015-04-12,122,194
2015-04-11,100,203
2015-04-10,101,169
2015-04-09,94,277
2015-04-08,101,147
2015-04-07,146,169
2015-04-06,101,256
2015-04-05,108,161
2015-04-04,96,154
2015-04-03,101,172
2015-04-02,173,313
2015-04-01,156,183
2015-03-31,118,266
2015-03-30,156,246
2015-03-29,106,162
2015-03-28,98,186
2015-03-27,102,198
2015-03-26,141,195
2015-03-25,109,270
2015-03-24,116,227
2015-03-23,123,395
2015-03-22,119,280
2015-03-21,95,210
2015-03-20,96,176
2015-03-19,104,246
2015-03-18,118,353
2015-03-17,106,212
2015-03-16,141,243
2015-03-15,101,194
2015-03-14,99,177
2015-03-13,159,230
2015-03-12,82,198
2015-03-11,113,175
2015-03-10,101,467
2015-03-09,206,231
2015-03-08,112,209
2015-03-07,82,195
2015-03-06,104,446
2015-03-05,129,216
2015-03-04,97,305
2015-03-03,198,300
2015-03-02,156,623
2015-03-01,111,252
2015-02-28,112,231
2015-02-27,89,310
2015-02-26,140,321
2015-02-25,154,210
2015-02-24,167,221
2015-02-23,94,211
2015-02-22,77,204
2015-02-21,99,214
2015-02-20,125,234
2015-02-19,155,279
2015-02-18,120,266
2015-02-17,69,210
2015-02-16,132,186
2015-02-15,116,217
2015-02-14,97,315
2015-02-13,156,365
2015-02-12,128,233
2015-02-11,169,393
2015-02-10,267,377
2015-02-09,94,218
2015-02-08,215,379
2015-02-07,127,270
2015-02-06,101,262
2015-02-05,114,342
2015-02-04,128,403
2015-02-03,107,306
2015-02-02,116,243
2015-02-01,103,181
2015-01-31,113,227
2015-01-30,139,268
2015-01-29,134,308
2015-01-28,206,336
2015-01-27,212,170
2015-01-26,66,200
2015-01-25,93,188
2015-01-24,58,173
2015-01-23,84,393
2015-01-22,88,456
2015-01-21,520,320
2015-01-20,109,332
2015-01-19,81,219
2015-01-18,74,204
2015-01-17,91,224
2015-01-16,86,325
2015-01-15,421,292
2015-01-14,86,274
2015-01-13,92,252
2015-01-12,121,322
2015-01-11,66,206
2015-01-10,86,255
2015-01-09,98,359
2015-01-08,203,237
2015-01-07,138,228
2015-01-06,119,300
2015-01-05,113,265
2015-01-04,127,253
2015-01-03,116,247
2015-01-02,136,337
2015-01-01,81,235
2014-12-31,143,282
2014-12-30,69,231
2014-12-29,118,251
2014-12-28,77,204
2014-12-27,92,225
2014-12-26,115,255
2014-12-25,93,241
2014-12-24,119,286
2014-12-23,293,370
2014-12-22,228,343
2014-12-21,106,251
2014-12-20,95,237
2014-12-19,142,250
2014-12-18,90,307
2014-12-17,89,404
2014-12-16,115,252
2014-12-15,208,363
2014-12-14,143,230
2014-12-13,61,155
2014-12-12,81,175
2014-12-11,84,215
2014-12-10,98,241
2014-12-09,127,235
2014-12-08,56,177
2014-12-07,99,258
2014-12-06,108,238
2014-12-05,72,258
2014-12-04,127,333
2014-12-03,111,263
2014-12-02,225,310
2014-12-01,160,223
2014-11-30,187,153
2014-11-29,90,239
2014-11-28,83,260
2014-11-27,64,199
2014-11-26,199,215
2014-11-25,159,421
2014-11-24,136,243
2014-11-23,84,148
2014-11-22,79,96
2014-11-21,42,102
2014-11-20,83,174
2014-11-19,113,301
2014-11-18,178,374
2014-11-17,362,200
2014-11-16,110,138
2014-11-15,47,139
2014-11-14,205,295
2014-11-13,83,372
2014-11-12,101,285
2014-11-11,374,272
2014-11-10,195,331
2014-11-09,83,219
2014-11-08,71,169
2014-11-07,111,221
2014-11-06,116,311
2014-11-05,104,535
2014-11-04,649,707
2014-11-03,144,262
2014-11-02,88,222
2014-11-01,135,295
2014-10-31,80,258
2014-10-30,129,253
2014-10-29,85,217
2014-10-28,108,217
2014-10-27,123,269
2014-10-26,56,162
2014-10-25,137,255
2014-10-24,77,181
2014-10-23,64,199
2014-10-22,126,197
2014-10-21,123,166
2014-10-20,96,204
2014-10-19,112,259
2014-10-18,95,248
2014-10-17,197,302
2014-10-16,70,168
2014-10-15,110,263
2014-10-14,72,180
2014-10-13,94,225
2014-10-12,94,234
2014-10-11,103,178
2014-10-10,193,259
2014-10-09,52,174
2014-10-08,133,269
2014-10-07,117,179
2014-10-06,73,206
2014-10-05,94,210
2014-10-04,47,219
2014-10-03,256,367
2014-10-02,76,103
2014-10-01,73,85
2014-09-30,149,224
2014-09-29,67,205
2014-09-28,176,193
2014-09-27,27,139
2014-09-26,86,246
2014-09-25,53,136
2014-09-24,118,247
2014-09-23,111,305
2014-09-22,112,102
2014-09-21,65,182
2014-09-20,72,205
2014-09-19,82,166
2014-09-18,94,192
2014-09-17,104,107
2014-09-16,152,171
2014-09-15,277,427
2014-09-14,104,195
2014-09-13,124,173
2014-09-12,255,589
2014-09-11,184,110
2014-09-10,245,261
2014-09-09,149,230
2014-09-08,78,152
2014-09-07,104,132
2014-09-06,127,162
2014-09-05,94,116
2014-09-04,110,217
2014-09-03,84,156
2014-09-02,131,179
2014-09-01,138,179
2014-08-31,98,321
2014-08-30,85,248
2014-08-29,119,153
2014-08-28,128,145
2014-08-27,65,154
2014-08-26,121,156
2014-08-25,118,109
2014-08-24,109,214
2014-08-23,193,143
2014-08-22,115,160
2014-08-21,85,196
2014-08-20,148,262
2014-08-19,107,130
2014-08-18,118,187
2014-08-17,115,158
2014-08-16,69,115
2014-08-15,140,205
2014-08-14,123,411
2014-08-13,88,122
2014-08-12,87,80
2014-08-11,134,154
2014-08-10,117,135
2014-08-09,106,149
2014-08-08,116,152
2014-08-07,87,236
2014-08-06,115,142
2014-08-05,208,381
2014-08-04,99,230
2014-08-03,123,132
2014-08-02,100,79
2014-08-01,96,176
2014-07-31,139,164
2014-07-30,137,146
2014-07-29,50,143
2014-07-28,127,145
2014-07-27,122,154
2014-07-26,72,84
2014-07-25,97,135
2014-07-24,92,219
2014-07-23,120,192
2014-07-22,101,163
2014-07-21,136,461
2014-07-20,80,120
2014-07-19,73,80
2014-07-18,96,156
2014-07-17,115,164
2014-07-16,125,414
2014-07-15,88,138
2014-07-14,124,180
2014-07-13,86,134
2014-07-12,77,112
2014-07-11,99,169
2014-07-10,156,173
2014-07-09,97,158
2014-07-08,93,136
2014-07-07,152,214
2014-07-06,88,136
2014-07-05,88,145
2014-07-04,95,148
2014-07-03,108,124
2014-07-02,110,190
2014-07-01,135,207
2014-06-30,157,149
2014-06-29,98,114
2014-06-28,113,150
2014-06-27,155,204
2014-06-26,97,144
2014-06-25,129,172
2014-06-24,77,99
2014-06-23,236,209
2014-06-22,145,163
2014-06-21,61,85
2014-06-20,103,199
2014-06-19,133,165
2014-06-18,155,277
2014-06-17,121,220
2014-06-16,128,173
2014-06-15,120,132
2014-06-14,96,104
2014-06-13,163,182
2014-06-12,125,334
2014-06-11,123,133
2014-06-10,160,201
2014-06-09,73,135
2014-06-08,137,145
2014-06-07,95,158
2014-06-06,52,56
2014-06-05,132,184
2014-06-04,107,145
2014-06-03,124,157
2014-06-02,166,285
2014-06-01,163,178
2014-05-31,54,93
2014-05-30,126,154
2014-05-29,91,92
2014-05-28,104,113
2014-05-27,150,141
2014-05-26,116,222
2014-05-25,105,128
2014-05-24,118,118
2014-05-23,167,185
2014-05-22,92,118
2014-05-21,107,181
2014-05-20,272,306
2014-05-19,192,168
2014-05-18,63,97
2014-05-17,111,103
2014-05-16,90,131
2014-05-15,60,177
2014-05-14,118,158
2014-05-13,141,150
2014-05-12,172,191
2014-05-11,65,154
2014-05-10,115,122
2014-05-09,95,128
2014-05-08,85,119
2014-05-07,142,203
2014-05-06,70,111
2014-05-05,115,139
2014-05-04,109,99
2014-05-03,72,89
2014-05-02,165,243
2014-05-01,63,74
2014-04-30,115,155
2014-04-29,76,206
2014-04-28,93,123
2014-04-27,122,164
2014-04-26,62,74
2014-04-25,81,140
2014-04-24,120,457
2014-04-23,110,139
2014-04-22,160,227
2014-04-21,141,169
2014-04-20,95,128
2014-04-19,66,108
2014-04-18,117,136
2014-04-17,81,98
2014-04-16,137,204
2014-04-15,128,191
2014-04-14,103,150
2014-04-13,187,146
2014-04-12,65,102
2014-04-11,79,95
2014-04-10,96,188
2014-04-09,142,188
2014-04-08,100,166
2014-04-07,65,85
2014-04-06,151,139
2014-04-05,68,107
2014-04-04,105,259
2014-04-03,91,130
2014-04-02,124,157
2014-04-01,88,196
2014-03-31,82,120
2014-03-30,109,111
2014-03-29,73,84
2014-03-28,99,136
2014-03-27,98,248
2014-03-26,107,162
2014-03-25,127,173
2014-03-24,139,258
2014-03-23,136,175
2014-03-22,85,108
2014-03-21,107,134
2014-03-20,153,181
2014-03-19,109,112
2014-03-18,95,92
2014-03-17,104,426
2014-03-16,131,180
2014-03-15,102,232
2014-03-14,73,321
2014-03-13,100,126
2014-03-12,121,133
2014-03-11,114,219
2014-03-10,99,248
2014-03-09,178,195
2014-03-08,54,59
2014-03-07,113,283
2014-03-06,107,221
2014-03-05,100,136
2014-03-04,90,262
2014-03-03,168,192
2014-03-02,113,285
2014-03-01,94,112
2014-02-28,79,191
2014-02-27,113,208
2014-02-26,148,342
2014-02-25,95,165
2014-02-24,160,309
2014-02-23,87,111
2014-02-22,120,119
2014-02-21,127,174
2014-02-20,75,235
2014-02-19,111,417
2014-02-18,162,516
2014-02-17,74,130
2014-02-16,148,210
2014-02-15,139,147
2014-02-14,134,157
2014-02-13,80,118
2014-02-12,115,129
2014-02-11,118,146
2014-02-10,118,161
2014-02-09,94,68
2014-02-08,181,203
2014-02-07,88,137
2014-02-06,106,127
2014-02-05,121,185
2014-02-04,113,176
2014-02-03,183,237
2014-02-02,100,139
2014-02-01,117,147
2014-01-31,123,194
2014-01-30,127,171
2014-01-29,128,124
2014-01-28,119,170
2014-01-27,123,152
2014-01-26,136,155
2014-01-25,100,145
2014-01-24,142,205
2014-01-23,93,111
2014-01-22,163,165
2014-01-21,122,155
2014-01-20,158,257
2014-01-19,128,133
2014-01-18,134,164
2014-01-17,119,150
2014-01-16,154,170
2014-01-15,172,198
2014-01-14,64,105
2014-01-13,172,155
2014-01-12,127,196
2014-01-11,125,250
2014-01-10,111,156
2014-01-09,142,180
2014-01-08,185,269
2014-01-07,107,132
2014-01-06,131,320
2014-01-05,130,188
2014-01-04,142,278
2014-01-03,104,198
2014-01-02,116,150
2014-01-01,136,191
2013-12-31,92,120
2013-12-30,124,151
2013-12-29,119,180
2013-12-28,136,143
2013-12-27,140,159
2013-12-26,113,159
2013-12-25,142,160
2013-12-24,121,134
2013-12-23,127,185
2013-12-22,94,184
2013-12-21,149,175
2013-12-20,122,173
2013-12-19,149,176
2013-12-18,146,251
2013-12-17,146,181
2013-12-16,117,125
2013-12-15,119,183
2013-12-14,132,135
2013-12-13,123,482
2013-12-12,122,141
2013-12-11,124,218
2013-12-10,122,188
2013-12-09,150,209
2013-12-08,132,145
2013-12-07,110,137
2013-12-06,160,186
2013-12-05,70,145
2013-12-04,156,212
2013-12-03,110,127
2013-12-02,116,163
2013-12-01,173,266
2013-11-30,82,162
2013-11-29,127,233
2013-11-28,128,185
2013-11-27,123,242
2013-11-26,189,287
2013-11-25,115,336
2013-11-24,106,156
2013-11-23,100,220
2013-11-22,123,189
2013-11-21,105,148
2013-11-20,169,265
2013-11-19,140,298
2013-11-18,119,259
2013-11-17,132,214
2013-11-16,122,167
2013-11-15,110,134
2013-11-14,99,152
2013-11-13,145,233
2013-11-12,112,206
2013-11-11,131,317
2013-11-10,110,173
2013-11-09,88,239
2013-11-08,143,272
2013-11-07,145,179
2013-11-06,124,179
2013-11-05,111,234
2013-11-04,137,253
2013-11-03,143,219
2013-11-02,167,180
2013-11-01,104,148
2013-10-31,132,167
2013-10-30,125,379
2013-10-29,184,233
2013-10-28,121,252
2013-10-27,136,180
2013-10-26,116,233
2013-10-25,173,192
2013-10-24,130,190
2013-10-23,144,296
2013-10-22,111,242
2013-10-21,146,205
2013-10-20,115,326
2013-10-19,98,266
2013-10-18,106,168
2013-10-17,107,195
2013-10-16,168,240
2013-10-15,125,301
2013-10-14,156,349
2013-10-13,142,185
2013-10-12,130,140
2013-10-11,103,380
2013-10-10,134,250
2013-10-09,187,465
2013-10-08,133,180
2013-10-07,109,213
2013-10-06,124,205
2013-10-05,158,154
2013-10-04,152,239
2013-10-03,165,210
2013-10-02,264,355
2013-10-01,132,254
2013-09-30,136,166
2013-09-29,128,179
2013-09-28,86,155
2013-09-27,110,271
2013-09-26,152,195
2013-09-25,178,263
2013-09-24,127,218
2013-09-23,174,268
2013-09-22,130,141
2013-09-21,171,253
2013-09-20,137,169
2013-09-19,149,206
2013-09-18,219,285
2013-09-17,150,205
2013-09-16,186,267
2013-09-15,152,199
2013-09-14,147,199
2013-09-13,117,197
2013-09-12,147,252
2013-09-11,187,338
2013-09-10,142,203
2013-09-09,140,239
2013-09-08,121,180
2013-09-07,125,152
2013-09-06,149,183
2013-09-05,124,223
2013-09-04,247,259
2013-09-03,118,184
2013-09-02,145,301
2013-09-01,134,238
2013-08-31,144,181
2013-08-30,146,227
2013-08-29,120,158
2013-08-28,208,241
2013-08-27,145,193
2013-08-26,152,229
2013-08-25,120,139
2013-08-24,131,137
2013-08-23,130,166
2013-08-22,149,142
2013-08-21,240,237
2013-08-20,167,160
2013-08-19,144,181
2013-08-18,124,133
2013-08-17,124,150
2013-08-16,132,175
2013-08-15,178,300
2013-08-14,308,373
2013-08-13,119,337
2013-08-12,152,373
2013-08-11,104,151
2013-08-10,233,335
2013-08-09,143,215
2013-08-08,114,219
2013-08-07,307,333
2013-08-06,92,137
2013-08-05,156,182
2013-08-04,97,376
2013-08-03,120,122
2013-08-02,118,124
2013-08-01,130,135
2013-07-31,299,345
2013-07-30,102,127
2013-07-29,116,156
2013-07-28,110,129
2013-07-27,109,123
2013-07-26,92,136
2013-07-25,116,117
2013-07-24,285,317
2013-07-23,115,564
2013-07-22,117,467
2013-07-21,117,116
2013-07-20,112,120
2013-07-19,108,196
2013-07-18,124,144
2013-07-17,318,329
2013-07-16,112,103
2013-07-15,119,346
2013-07-14,96,262
2013-07-13,98,134
2013-07-12,126,156
2013-07-11,113,132
2013-07-10,300,476
2013-07-09,120,144
2013-07-08,126,136
2013-07-07,143,169
2013-07-06,94,95
2013-07-05,109,114
2013-07-04,122,168
2013-07-03,353,341
2013-07-02,95,81
2013-07-01,120,179
2013-06-30,90,83
2013-06-29,89,87
2013-06-28,112,124
2013-06-27,108,137
2013-06-26,341,624
2013-06-25,88,138
2013-06-24,124,110
2013-06-23,88,85
2013-06-22,119,80
2013-06-21,82,77
2013-06-20,137,119
2013-06-19,335,556
2013-06-18,116,77
2013-06-17,113,110
2013-06-16,88,63
2013-06-15,106,69
2013-06-14,252,130
2013-06-13,122,94
2013-06-12,370,508
2013-06-11,103,88
2013-06-10,97,86
2013-06-09,110,94
2013-06-08,100,85
2013-06-07,122,122
2013-06-06,268,363
2013-06-05,128,122
2013-06-04,95,99
2013-06-03,126,133
2013-06-02,105,118
2013-06-01,84,84
2013-05-31,106,87
2013-05-30,126,108
2013-05-29,198,335
2013-05-28,90,83
2013-05-27,120,124
2013-05-26,119,100
2013-05-25,116,97
2013-05-24,116,144
2013-05-23,147,256
2013-05-22,104,97
2013-05-21,110,106
2013-05-20,141,121
2013-05-19,136,78
2013-05-18,109,87
2013-05-17,139,115
2013-05-16,128,115
2013-05-15,146,294
2013-05-14,155,130
2013-05-13,152,120
2013-05-12,122,102
2013-05-11,136,128
2013-05-10,118,199
2013-05-09,145,105
2013-05-08,134,289
2013-05-07,142,112
2013-05-06,140,129
2013-05-05,127,94
2013-05-04,102,99
2013-05-03,122,89
2013-05-02,122,109
2013-05-01,115,112
2013-04-30,125,91
2013-04-29,131,132
2013-04-28,123,104
2013-04-27,116,124
2013-04-26,128,121
2013-04-25,109,91
2013-04-24,116,213
2013-04-23,132,119
2013-04-22,109,129
2013-04-21,135,110
2013-04-20,109,87
2013-04-19,138,112
2013-04-18,105,68
2013-04-17,130,221
2013-04-16,119,194
2013-04-15,132,105
2013-04-14,121,93
2013-04-13,113,104
2013-04-12,123,108
2013-04-11,109,123
2013-04-10,140,310
2013-04-09,115,153
2013-04-08,156,164
2013-04-07,139,113
2013-04-06,148,110
2013-04-05,131,137
2013-04-04,112,156
2013-04-03,139,210
2013-04-02,119,147
2013-04-01,128,136
2013-03-31,123,106
2013-03-30,105,158
2013-03-29,121,110
2013-03-28,110,165
2013-03-27,159,248
2013-03-26,132,165
2013-03-25,126,162
2013-03-24,129,148
2013-03-23,112,161
2013-03-22,133,141
2013-03-21,128,165
2013-03-20,128,355
2013-03-19,134,154
2013-03-18,138,139
2013-03-17,105,118
2013-03-16,131,124
2013-03-15,122,111
2013-03-14,129,158
2013-03-13,126,178
2013-03-12,116,99
2013-03-11,134,116
2013-03-10,133,121
2013-03-09,145,111
2013-03-08,110,125
2013-03-07,128,157
2013-03-06,152,247
2013-03-05,167,180
2013-03-04,118,138
2013-03-03,113,115
2013-03-02,106,132
2013-03-01,138,136
2013-02-28,140,283
2013-02-27,146,146
2013-02-26,151,164
2013-02-25,143,141
2013-02-24,145,155
2013-02-23,116,126
2013-02-22,126,129
2013-02-21,128,162
2013-02-20,123,189
2013-02-19,148,193
2013-02-18,135,150
2013-02-17,134,143
2013-02-16,156,166
2013-02-15,129,142
2013-02-14,145,150
2013-02-13,175,140
2013-02-12,141,144
2013-02-11,134,127
2013-02-10,117,118
2013-02-09,124,161
2013-02-08,179,178
2013-02-07,122,148
2013-02-06,121,123
2013-02-05,142,137
2013-02-04,131,139
2013-02-03,125,117
2013-02-02,128,119
2013-02-01,177,155
2013-01-31,140,180
2013-01-30,125,148
2013-01-29,125,167
2013-01-28,182,185
2013-01-27,123,141
2013-01-26,102,116
2013-01-25,108,159
2013-01-24,114,169
2013-01-23,129,163
2013-01-22,130,159
2013-01-21,206,175
2013-01-20,101,113
2013-01-19,105,119
2013-01-18,130,146
2013-01-17,122,168
2013-01-16,114,152
2013-01-15,109,118
2013-01-14,166,106
2013-01-13,119,116
2013-01-12,95,91
2013-01-11,118,112
2013-01-10,103,139
2013-01-09,170,202
2013-01-08,190,230
2013-01-07,204,181
2013-01-06,120,138
2013-01-05,105,138
2013-01-04,169,185
2013-01-03,127,139
2013-01-02,141,133
2013-01-01,103,103
2012-12-31,132,129
2012-12-30,116,129
2012-12-29,116,112
2012-12-28,123,114
2012-12-27,118,117
2012-12-26,124,138
2012-12-25,83,82
2012-12-24,120,101
2012-12-23,118,161
2012-12-22,121,122
2012-12-21,117,157
2012-12-20,83,85
2012-12-19,119,148
2012-12-18,127,131
2012-12-17,170,182
2012-12-16,107,88
2012-12-15,106,111
2012-12-14,100,149
2012-12-13,142,141
2012-12-12,120,112
2012-12-11,125,123
2012-12-10,109,141
2012-12-09,129,96
2012-12-08,105,107
2012-12-07,114,113
2012-12-06,117,121
2012-12-05,106,97
2012-12-04,107,148
2012-12-03,163,153
2012-12-02,122,102
2012-12-01,99,97
2012-11-30,147,139
2012-11-29,118,132
2012-11-28,140,152
2012-11-27,126,136
2012-11-26,184,192
2012-11-25,135,120
2012-11-24,107,110
2012-11-23,131,130
2012-11-22,108,113
2012-11-21,124,148
2012-11-20,153,175
2012-11-19,115,140
2012-11-18,116,120
2012-11-17,148,111
2012-11-16,122,143
2012-11-15,98,139
2012-11-14,152,140
2012-11-13,139,214
2012-11-12,132,140
2012-11-11,121,130
2012-11-10,102,171
2012-11-09,128,137
2012-11-08,136,121
2012-11-07,126,167
2012-11-06,224,172
2012-11-05,122,177
2012-11-04,124,115
2012-11-03,110,116
2012-11-02,106,92
2012-11-01,99,119
2012-10-31,146,148
2012-10-30,172,188
2012-10-29,111,129
2012-10-28,123,132
2012-10-27,127,109
2012-10-26,118,141
2012-10-25,162,149
2012-10-24,99,138
2012-10-23,149,162
2012-10-22,132,137
2012-10-21,127,126
2012-10-20,84,102
2012-10-19,118,128
2012-10-18,127,106
2012-10-17,157,122
2012-10-16,113,110
2012-10-15,134,163
2012-10-14,108,85
2012-10-13,92,75
2012-10-12,118,104
2012-10-11,116,97
2012-10-10,120,110
2012-10-09,138,143
2012-10-08,124,146
2012-10-07,126,94
2012-10-06,88,92
2012-10-05,109,89
2012-10-04,142,165
2012-10-03,153,130
2012-10-02,101,155
2012-10-01,173,153
2012-09-30,102,113
2012-09-29,121,109
2012-09-28,126,141
2012-09-27,152,124
2012-09-26,145,133
2012-09-25,120,115
2012-09-24,176,176
2012-09-23,127,110
2012-09-22,112,93
2012-09-21,119,128
2012-09-20,170,144
2012-09-19,130,148
2012-09-18,116,113
2012-09-17,118,124
2012-09-16,114,93
2012-09-15,90,84
2012-09-14,104,95
2012-09-13,101,104
2012-09-12,136,126
2012-09-11,160,150
2012-09-10,116,144
2012-09-09,103,114
2012-09-08,119,102
2012-09-07,132,123
2012-09-06,113,120
2012-09-05,179,137
2012-09-04,109,119
2012-09-03,140,132
2012-09-02,118,88
2012-09-01,98,79
2012-08-31,134,119
2012-08-30,196,145
2012-08-29,104,113
2012-08-28,130,127
2012-08-27,127,142
2012-08-26,134,116
2012-08-25,79,67
2012-08-24,98,100
2012-08-23,123,113
2012-08-22,97,113
2012-08-21,144,137
2012-08-20,202,143
2012-08-19,89,96
2012-08-18,88,106
2012-08-17,148,139
2012-08-16,106,123
2012-08-15,120,119
2012-08-14,136,143
2012-08-13,136,127
2012-08-12,91,97
2012-08-11,137,70
2012-08-10,88,119
2012-08-09,133,142
2012-08-08,111,111
2012-08-07,95,106
2012-08-06,96,119
2012-08-05,108,120
2012-08-04,110,107
2012-08-03,95,102
2012-08-02,112,142
2012-08-01,139,144
2012-07-31,121,140
2012-07-30,133,150
2012-07-29,100,97
2012-07-28,109,87
2012-07-27,114,98
2012-07-26,112,107
2012-07-25,146,170
2012-07-24,147,132
2012-07-23,150,165
2012-07-22,102,87
2012-07-21,106,114
2012-07-20,111,128
2012-07-19,108,128
2012-07-18,150,198
2012-07-17,162,134
2012-07-16,132,138
2012-07-15,101,109
2012-07-14,132,105
2012-07-13,147,159
2012-07-12,109,107
2012-07-11,153,162
2012-07-10,110,148
2012-07-09,104,127
2012-07-08,79,107
2012-07-07,109,122
2012-07-06,101,119
2012-07-05,164,117
2012-07-04,128,130
2012-07-03,92,121
2012-07-02,139,142
2012-07-01,98,80
2012-06-30,116,98
2012-06-29,109,106
2012-06-28,92,94
2012-06-27,89,135
2012-06-26,113,135
2012-06-25,97,92
2012-06-24,122,143
2012-06-23,89,94
2012-06-22,88,112
2012-06-21,105,104
2012-06-20,117,135
2012-06-19,115,106
2012-06-18,108,122
2012-06-17,99,95
2012-06-16,83,101
2012-06-15,131,148
2012-06-14,101,136
2012-06-13,143,106
2012-06-12,109,109
2012-06-11,118,141
2012-06-10,98,124
2012-06-09,80,81
2012-06-08,113,111
2012-06-07,109,194
2012-06-06,83,94
2012-06-05,103,137
2012-06-04,105,104
2012-06-03,116,126
2012-06-02,92,91
2012-06-01,118,119
2012-05-31,93,127
2012-05-30,88,100
2012-05-29,116,139
2012-05-28,111,144
2012-05-27,82,91
2012-05-26,101,118
2012-05-25,101,92
2012-05-24,81,107
2012-05-23,94,115
2012-05-22,83,110
2012-05-21,107,280
2012-05-20,94,116
2012-05-19,91,101
2012-05-18,103,125
2012-05-17,94,172
2012-05-16,137,137
2012-05-15,101,120
2012-05-14,92,120
2012-05-13,145,111
2012-05-12,115,116
2012-05-11,86,151
2012-05-10,131,126
2012-05-09,84,215
2012-05-08,104,150
2012-05-07,163,179
2012-05-06,261,118
2012-05-05,95,91
2012-05-04,156,126
2012-05-03,114,133
2012-05-02,147,261
2012-05-01,365,207
2012-04-30,81,107
2012-04-29,76,89
2012-04-28,67,106
2012-04-27,122,60
2012-04-26,115,100
2012-04-25,85,104
2012-04-24,156,102
2012-04-23,93,123
2012-04-22,136,101
2012-04-21,88,124
2012-04-20,101,133
2012-04-19,131,145
2012-04-18,98,126
2012-04-17,91,118
2012-04-16,107,160
2012-04-15,127,89
2012-04-14,94,119
2012-04-13,90,86
2012-04-12,150,131
2012-04-11,136,144
2012-04-10,116,121
2012-04-09,88,86
2012-04-08,85,94
2012-04-07,79,89
2012-04-06,128,164
2012-04-05,132,104
2012-04-04,102,117
2012-04-03,137,156
2012-04-02,110,167
2012-04-01,121,74
2012-03-31,92,103
2012-03-30,91,135
2012-03-29,103,135
2012-03-28,121,234
2012-03-27,95,126
2012-03-26,124,100
2012-03-25,123,101
2012-03-24,96,185
2012-03-23,88,110
2012-03-22,155,152
2012-03-21,102,127
2012-03-20,92,97
2012-03-19,129,141
2012-03-18,101,133
2012-03-17,80,95
2012-03-16,83,97
2012-03-15,84,143
2012-03-14,178,130
2012-03-13,134,155
2012-03-12,89,110
2012-03-11,103,92
2012-03-10,111,137
2012-03-09,129,125
2012-03-08,117,125
2012-03-07,99,142
2012-03-06,129,96
2012-03-05,117,120
2012-03-04,102,91
2012-03-03,92,72
2012-03-02,130,113
2012-03-01,101,116
2012-02-29,104,115
2012-02-28,95,101
2012-02-27,115,105
2012-02-26,100,103
2012-02-25,100,160
2012-02-24,100,114
2012-02-23,120,166
2012-02-22,95,103
2012-02-21,105,111
2012-02-20,106,117
2012-02-19,106,85
2012-02-18,98,108
2012-02-17,97,89
2012-02-16,103,110
2012-02-15,104,126
2012-02-14,201,187
2012-02-13,114,108
2012-02-12,91,111
2012-02-11,116,60
2012-02-10,113,109
2012-02-09,104,120
2012-02-08,123,100
2012-02-07,104,117
2012-02-06,108,127
2012-02-05,134,105
2012-02-04,102,77
2012-02-03,99,125
2012-02-02,115,128
2012-02-01,108,111
2012-01-31,104,117
2012-01-30,95,100
2012-01-29,93,96
2012-01-28,129,115
2012-01-27,96,120
2012-01-26,97,89
2012-01-25,104,126
2012-01-24,114,117
2012-01-23,121,103
2012-01-22,100,90
2012-01-21,111,148
2012-01-20,147,116
2012-01-19,100,95
2012-01-18,112,109
2012-01-17,100,117
2012-01-16,89,131
2012-01-15,106,119
2012-01-14,102,125
2012-01-13,127,105
2012-01-12,169,136
2012-01-11,105,143
2012-01-10,96,107
2012-01-09,95,110
2012-01-08,103,99
2012-01-07,107,148
2012-01-06,144,141
2012-01-05,136,146
2012-01-04,99,99
2012-01-03,113,122
2012-01-02,93,134
2012-01-01,181,99
2011-12-31,102,105
2011-12-30,137,131
2011-12-29,102,120
2011-12-28,126,132
2011-12-27,85,91
2011-12-26,132,117
2011-12-25,95,101
2011-12-24,139,105
2011-12-23,98,86
2011-12-22,96,94
2011-12-21,100,107
2011-12-20,149,121
2011-12-19,105,119
2011-12-18,102,86
2011-12-17,83,82
2011-12-16,97,86
2011-12-15,207,197
2011-12-14,102,136
2011-12-13,115,123
2011-12-12,87,99
2011-12-11,112,117
2011-12-10,123,87
2011-12-09,100,98
2011-12-08,99,114
2011-12-07,91,82
2011-12-06,93,96
2011-12-05,110,117
2011-12-04,98,105
2011-12-03,99,85
2011-12-02,102,99
2011-12-01,118,140
2011-11-30,136,122
2011-11-29,89,101
2011-11-28,117,97
2011-11-27,96,84
2011-11-26,137,75
2011-11-25,106,89
2011-11-24,117,112
2011-11-23,95,90
2011-11-22,145,85
2011-11-21,137,104
2011-11-20,132,92
2011-11-19,118,93
2011-11-18,114,98
2011-11-17,135,126
2011-11-16,88,78
2011-11-15,106,94
2011-11-14,106,144
2011-11-13,145,98
2011-11-12,116,93
2011-11-11,142,102
2011-11-10,97,89
2011-11-09,124,102
2011-11-08,91,83
2011-11-07,103,85
2011-11-06,98,72
2011-11-05,87,74
2011-11-04,131,118
2011-11-03,104,57
2011-11-02,102,103
2011-11-01,113,59
2011-10-31,104,87
2011-10-30,84,65
2011-10-29,114,82
2011-10-28,83,71
2011-10-27,119,79
2011-10-26,98,73
2011-10-25,88,71
2011-10-24,97,64
2011-10-23,99,69
2011-10-22,128,73
2011-10-21,137,77
2011-10-20,121,87
2011-10-19,91,90
2011-10-18,79,76
2011-10-17,133,88
2011-10-16,108,63
2011-10-15,112,87
2011-10-14,106,82
2011-10-13,93,55
2011-10-12,107,86
2011-10-11,89,89
2011-10-10,127,75
2011-10-09,102,85
2011-10-08,96,85
2011-10-07,98,83
2011-10-06,116,71
2011-10-05,106,71
2011-10-04,86,68
2011-10-03,130,67
2011-10-02,102,53
2011-10-01,107,83
2011-09-30,109,73
2011-09-29,102,50
2011-09-28,105,69
2011-09-27,116,55
2011-09-26,124,81
2011-09-25,78,57
2011-09-24,112,48
2011-09-23,100,71
2011-09-22,101,71
2011-09-21,94,65
2011-09-20,97,80
2011-09-19,99,80
2011-09-18,128,73
2011-09-17,91,67
2011-09-16,99,55
2011-09-15,102,61
2011-09-14,109,79
2011-09-13,99,49
2011-09-12,135,68
2011-09-11,98,60
2011-09-10,116,85
2011-09-09,102,103
2011-09-08,94,87
2011-09-07,144,70
2011-09-06,98,64
2011-09-05,96,67
2011-09-04,112,57
2011-09-03,122,57
2011-09-02,108,58
2011-09-01,109,65
2011-08-31,125,68
2011-08-30,111,90
2011-08-29,95,62
2011-08-28,104,66
2011-08-27,112,112
2011-08-26,107,54
2011-08-25,100,75
2011-08-24,120,67
2011-08-23,116,58
2011-08-22,104,75
2011-08-21,111,71
2011-08-20,117,68
2011-08-19,100,74
2011-08-18,108,78
2011-08-17,123,57
2011-08-16,91,64
2011-08-15,96,76
2011-08-14,121,73
2011-08-13,104,55
2011-08-12,139,85
2011-08-11,111,70
2011-08-10,125,71
2011-08-09,103,81
2011-08-08,113,83
2011-08-07,148,94
2011-08-06,111,66
2011-08-05,99,56
2011-08-04,106,50
2011-08-03,117,74
2011-08-02,134,87
2011-08-01,123,78
2011-07-31,112,72
2011-07-30,121,61
2011-07-29,118,68
2011-07-28,109,63
2011-07-27,130,71
2011-07-26,123,59
2011-07-25,99,78
2011-07-24,100,57
2011-07-23,106,63
2011-07-22,123,77
2011-07-21,115,70
2011-07-20,103,69
2011-07-19,133,69
2011-07-18,140,65
2011-07-17,156,60
2011-07-16,108,75
2011-07-15,114,70
2011-07-14,120,82
2011-07-13,123,84
2011-07-12,98,68
2011-07-11,113,73
2011-07-10,128,64
2011-07-09,114,69
2011-07-08,89,64
2011-07-07,110,68
2011-07-06,112,74
2011-07-05,140,129
2011-07-04,133,87
2011-07-03,120,83
2011-07-02,120,74
2011-07-01,118,89
2011-06-30,134,86
2011-06-29,132,88
2011-06-28,116,87
2011-06-27,126,70
2011-06-26,135,71
2011-06-25,138,70
2011-06-24,177,83
2011-06-23,95,71
2011-06-22,152,80
2011-06-21,95,69
2011-06-20,127,82
2011-06-19,185,92
2011-06-18,88,76
2011-06-17,136,76
2011-06-16,176,83
2011-06-15,152,83
2011-06-14,129,177
2011-06-13,106,114
2011-06-12,160,201
2011-06-11,120,91
2011-06-10,203,129
2011-06-09,194,113
2011-06-08,143,213
2011-06-07,144,72
2011-06-06,120,81
2011-06-05,124,91
2011-06-04,116,75
2011-06-03,104,88
2011-06-02,110,106
2011-06-01,159,83
2011-05-31,138,122
2011-05-30,117,83
2011-05-29,119,80
2011-05-28,110,57
2011-05-27,118,82
2011-05-26,281,90
2011-05-25,146,67
2011-05-24,118,72
2011-05-23,199,104
2011-05-22,114,70
2011-05-21,171,77
2011-05-20,168,84
2011-05-19,281,314
2011-05-18,200,132
2011-05-17,123,144
2011-05-16,184,159
2011-05-15,130,126
2011-05-14,103,123
2011-05-13,103,153
2011-05-12,212,208
2011-05-11,130,113
2011-05-10,143,157
2011-05-09,123,152
2011-05-08,151,319
2011-05-07,234,153
2011-05-06,126,151
2011-05-05,156,114
2011-05-04,260,156
2011-05-03,121,108
2011-05-02,107,132
2011-05-01,196,221
2011-04-30,120,149
2011-04-29,170,203
2011-04-28,175,200
2011-04-27,175,215
2011-04-26,122,160
2011-04-25,108,123
2011-04-24,104,88
2011-04-23,258,150
2011-04-22,135,95
2011-04-21,191,130
2011-04-20,91,128
2011-04-19,172,130
2011-04-18,129,127
2011-04-17,127,133
2011-04-16,122,88
2011-04-15,89,99
2011-04-14,86,147
2011-04-13,176,84
2011-04-12,144,174
2011-04-11,187,152
2011-04-10,110,87
2011-04-09,85,151
2011-04-08,154,202
2011-04-07,108,97
2011-04-06,81,94
2011-04-05,78,129
2011-04-04,267,108
2011-04-03,66,81
2011-04-02,90,98
2011-04-01,78,86
2011-03-31,90,87
2011-03-30,72,90
2011-03-29,77,96
2011-03-28,137,96
2011-03-27,124,249
2011-03-26,115,271
2011-03-25,93,78
2011-03-24,131,202
2011-03-23,70,74
2011-03-22,90,62
2011-03-21,59,67
2011-03-20,88,56
2011-03-19,65,37
2011-03-18,260,81
2011-03-17,96,98
2011-03-16,105,86
2011-03-15,92,82
2011-03-14,1146,94
2011-03-13,62,61
2011-03-12,127,103
2011-03-11,69,71
2011-03-10,52,43
2011-03-09,102,75
2011-03-08,69,80
2011-03-07,128,51
2011-03-06,98,85
2011-03-05,173,47
2011-03-04,74,100
2011-03-03,83,82
2011-03-02,65,118
2011-03-01,277,346
2011-02-28,257,88
2011-02-27,110,62
2011-02-26,148,39
2011-02-25,106,54
2011-02-24,81,86
2011-02-23,60,98
2011-02-22,86,87
2011-02-21,46,34
2011-02-20,58,55
2011-02-19,62,49
2011-02-18,207,69
2011-02-17,41,21
2011-02-16,72,37
2011-02-15,63,47
2011-02-14,55,59
2011-02-13,151,25
2011-02-12,41,68
2011-02-11,163,68
2011-02-10,82,141
2011-02-09,198,70
2011-02-08,79,48
2011-02-07,88,22
2011-02-06,90,17
2011-02-05,231,85
2011-02-04,66,10
2011-02-03,91,39
2011-02-02,125,49
2011-02-01,378,146
2011-01-31,146,56
2011-01-30,119,14
2011-01-29,45,19
2011-01-28,47,25
2011-01-27,473,805
2011-01-26,65,37
2011-01-25,66,9
2011-01-24,78,104
2011-01-23,234,10
2011-01-22,196,97
2011-01-21,114,19
2011-01-20,50,83
2011-01-19,111,18
2011-01-18,126,83
2011-01-17,41,20
2011-01-16,64,17
2011-01-15,102,64
2011-01-14,328,32
2011-01-13,281,32
2011-01-12,70,66
2011-01-11,158,118
2011-01-10,87,110
2011-01-09,91,25
2011-01-08,147,31
2011-01-07,32,21
2011-01-06,59,39
2011-01-05,208,13
2011-01-04,28,21
2011-01-03,39,41
2011-01-02,71,16
2011-01-01,46,29
2010-12-31,18,12
2010-12-30,88,216
2010-12-29,179,943
2010-12-28,75,45
2010-12-27,254,34
2010-12-26,46,19
2010-12-25,59,52
2010-12-24,43,20
2010-12-23,21,14
2010-12-22,169,27
2010-12-21,85,59
2010-12-20,48,99
2010-12-19,80,15
2010-12-18,99,69
2010-12-17,14,12
2010-12-16,72,19
2010-12-15,24,21
2010-12-14,43,4
2010-12-13,551,27
2010-12-12,28,8
2010-12-11,90,30
2010-12-10,61,36
2010-12-09,105,64
2010-12-08,98,27
2010-12-07,126,69
2010-12-06,54,158
2010-12-05,53,7
2010-12-04,152,27
2010-12-03,296,11
2010-12-02,37,35
2010-12-01,274,30
2010-11-30,78,25
2010-11-29,10,2
2010-11-28,49,110
2010-11-27,140,14
2010-11-26,78,9
2010-11-25,30,23
2010-11-24,64,33
2010-11-23,119,6
2010-11-22,46,3
2010-11-21,27,9
2010-11-20,101,91
2010-11-19,15,13
2010-11-18,23,15
2010-11-17,71,64
2010-11-16,56,13
2010-11-15,63,2
2010-11-14,5,4
2010-11-13,34,30
2010-11-12,0,7
2010-11-11,31,2
2010-11-10,116,24
2010-11-09,21,21
2010-11-08,866,89
2010-11-07,47,50
2010-11-06,81,120
2010-11-05,37,4
2010-11-04,232,94
2010-11-03,44,39
2010-11-02,65,91
2010-11-01,12,78
2010-10-31,118,59
2010-10-30,13,1
2010-10-29,124,54
2010-10-28,182,65
2010-10-27,204,90
2010-10-26,149,98
2010-10-25,95,13
2010-10-24,101,26
2010-10-23,7,5
2010-10-22,3,74
2010-10-21,109,126
2010-10-20,83,84
2010-10-19,131,88
2010-10-18,71,126
2010-10-17,2,0
2010-10-16,50,48
2010-10-15,48,52
2010-10-14,46,23
2010-10-13,21,11
2010-10-12,56,17
2010-10-11,37,27
2010-10-10,127,153
2010-10-09,31,77
2010-10-08,39,7
2010-10-07,129,159
2010-10-06,53,70
2010-10-05,223,169
2010-10-04,96,240
2010-10-03,45,74
2010-10-02,278,293
2010-10-01,39,1
2010-09-30,43,3
2010-09-29,117,40
2010-09-28,50,67
2010-09-27,52,30
2010-09-26,17,18
2010-09-25,58,17
2010-09-24,9,8
2010-09-23,67,15
2010-09-22,60,116
2010-09-21,33,29
2010-09-20,87,130
2010-09-19,156,58
2010-09-18,16,6
2010-09-17,34,37
2010-09-16,98,44
2010-09-15,32,35
2010-09-14,83,26
2010-09-13,42,62
2010-09-12,136,1
2010-09-11,6,0
2010-09-10,48,2
2010-09-09,71,45
2010-09-08,33,67
2010-09-07,77,33
2010-09-06,168,40
2010-09-05,3,3
2010-09-04,126,36
2010-09-03,56,16
2010-09-02,103,23
2010-09-01,87,105
2010-08-31,109,8
2010-08-30,77,7
2010-08-29,14,12
2010-08-28,45,42
2010-08-27,17,9
2010-08-26,7,5
2010-08-25,20,21
2010-08-24,15,18
2010-08-23,89,36
2010-08-22,10,12
2010-08-21,25,24
2010-08-20,90,37
2010-08-19,8,25
2010-08-18,96,24
2010-08-17,127,102
2010-08-16,44,32
2010-08-15,3,1
2010-08-14,27,0
2010-08-13,78,16
2010-08-12,32,7
2010-08-11,112,29
2010-08-10,38,54
2010-08-09,195,67
2010-08-08,42,5
2010-08-07,62,40
2010-08-06,74,26
2010-08-05,111,80
2010-08-04,43,28
2010-08-03,214,93
2010-08-02,93,7
2010-08-01,123,25
2010-07-31,20,27
2010-07-30,71,49
2010-07-29,50,44
2010-07-28,82,30
2010-07-27,52,100
2010-07-26,494,110
2010-07-25,21,49
2010-07-24,80,79
2010-07-23,48,77
2010-07-22,69,57
2010-07-21,46,29
2010-07-20,57,38
2010-07-19,83,36
2010-07-18,27,88
2010-07-17,91,75
2010-07-16,70,61
2010-07-15,35,27
2010-07-14,200,13
2010-07-13,46,59
2010-07-12,35,13
2010-07-11,66,54
2010-07-10,0,39
2010-07-09,22,22
2010-07-08,1,1
2010-07-07,22,41
2010-07-06,0,0
2010-07-05,3,3
2010-07-04,12,0
2010-07-03,469,390
2010-07-02,452,399
2010-07-01,76,46
2010-06-30,6,0
2010-06-29,8,32
2010-06-28,2,0
2010-06-27,15,1
2010-06-26,1,105
2010-06-25,0,29
2010-06-24,42,67
2010-06-23,56,56
2010-06-22,2,0
2010-06-21,4,4
2010-06-20,0,1
2010-06-19,80,1
2010-06-18,0,1
2010-06-17,3,1
2010-06-16,372,1
2010-06-15,34,22
2010-06-14,13,3
2010-06-13,62,63
2010-06-12,1,41
2010-06-11,2,18
2010-06-10,1,1
2010-06-09,131,131
2010-06-08,2,1
2010-06-07,2,2
2010-06-06,0,0
2010-06-05,3,3
2010-06-04,31,45
2010-06-03,1,2
2010-06-02,1,2
2010-06-01,10,0
2010-05-31,3,2
2010-05-30,0,0
2010-05-29,20,2
2010-05-28,9,11
2010-05-27,1,1
2010-05-26,134,3
2010-05-25,4,4
2010-05-24,1,1
2010-05-23,224,223
2010-05-22,194,128
2010-05-21,0,0
2010-05-20,2,0
2010-05-19,175,63
2010-05-18,1,1
2010-05-17,1,1
2010-05-16,0,0
2010-05-15,1,1
2010-05-14,80,2
2010-05-13,7,7
2010-05-12,2,1
2010-05-11,0,0
2010-05-10,33,0
2010-05-09,21,16
2010-05-08,241,1
2010-05-07,115,117
2010-05-06,0,0
2010-05-05,1,0
2010-05-04,79,22
2010-05-03,2,0
2010-05-02,0,0
2010-05-01,0,46
2010-04-30,300,300
2010-04-29,1,0
2010-04-28,13,3
2010-04-27,6,5
2010-04-26,14,4
2010-04-25,1,11
2010-04-24,1,1
2010-04-23,11,4
2010-04-22,63,115
2010-04-21,6,3
2010-04-20,3,1
2010-04-19,14,5
2010-04-18,25,7
2010-04-17,26,2
2010-04-16,42,0
2010-04-15,143,143
2010-04-14,14,5
2010-04-13,7,0
2010-04-12,78,64
2010-04-11,23,2
2010-04-10,7,0
2010-04-09,48,8
2010-04-08,7,0
2010-04-07,4,0
2010-04-06,1,0
2010-04-05,43,1
2010-04-04,2,1
2010-04-03,11,8
2010-04-02,0,0
2010-04-01,0,0
2010-03-31,6,0
2010-03-30,0,0
2010-03-29,0,0
2010-03-28,0,0
2010-03-27,31,0
2010-03-26,5,0
2010-03-25,2,0
2010-03-24,1,1
2010-03-23,6,0
2010-03-22,0,0
2010-03-21,0,0
2010-03-20,24,25
2010-03-19,1,2
2010-03-18,1,1
2010-03-17,0,0
2010-03-16,0,0
2010-03-15,1,1
2010-03-14,0,0
2010-03-13,0,0
2010-03-12,0,0
2010-03-11,0,0
2010-03-10,3,0
2010-03-09,0,0
2010-03-08,6,0
2010-03-07,4,4
2010-03-06,452,0
2010-03-05,0,0
2010-03-04,0,0
2010-03-03,0,0
2010-03-02,0,0
2010-03-01,0,0
2010-02-28,1,0
2010-02-27,0,0
2010-02-26,201,200
2010-02-25,0,0
2010-02-24,0,0
2010-02-23,0,0
2010-02-22,1,0
2010-02-21,13,0
2010-02-20,0,0
2010-02-19,1,0
2010-02-18,1,0
2010-02-17,2,175
2010-02-16,2,1
2010-02-15,3,1
2010-02-14,1,1
2010-02-13,74,0
2010-02-12,1,1
2010-02-11,0,0
2010-02-10,0,0
2010-02-09,220,0
2010-02-08,1,0
2010-02-07,1,0
2010-02-06,0,0
2010-02-05,239,0
2010-02-04,1,0
2010-02-03,0,0
2010-02-02,0,0
2010-02-01,7,7
2010-01-31,0,0
2010-01-30,0,0
2010-01-29,0,0
2010-01-28,0,0
2010-01-27,0,0
2010-01-26,11,12
2010-01-25,1,1
2010-01-24,0,0
2010-01-23,0,0
2010-01-22,1,0
2010-01-21,1,1
2010-01-20,0,0
2010-01-19,0,0
2010-01-18,1,1
2010-01-17,0,0
2010-01-16,0,0
2010-01-15,0,0
2010-01-14,0,0
2010-01-13,1,1
2010-01-12,215,0
2010-01-11,0,0
2010-01-10,0,0
2010-01-09,0,0
2010-01-08,0,0
2010-01-07,0,0
2010-01-06,0,0
2010-01-05,0,0
2010-01-04,3,3
2010-01-03,0,0
2010-01-02,0,0
2010-01-01,0,0
2009-12-31,0,0
2009-12-30,0,0
2009-12-29,0,0
2009-12-28,0,0
2009-12-27,0,0
2009-12-26,0,0
2009-12-25,1,0
2009-12-24,0,0
2009-12-23,0,0
2009-12-22,0,0
2009-12-21,0,0
2009-12-20,0,0
2009-12-19,0,0
2009-12-18,0,0
2009-12-17,1,0
2009-12-16,0,0
2009-12-15,0,0
2009-12-14,1,0
2009-12-13,0,0
2009-12-12,0,0
2009-12-11,0,0
2009-12-10,0,0
2009-12-09,2,2
2009-12-08,0,0
2009-12-07,0,0
2009-12-06,1,1
2009-12-05,18,0
2009-12-04,0,0
2009-12-03,0,0
2009-12-02,0,0
2009-12-01,79,0
2009-11-30,0,0
2009-11-29,0,0
2009-11-28,0,0
2009-11-27,0,0
2009-11-26,0,0
2009-11-25,0,0
2009-11-24,0,0
2009-11-23,0,0
2009-11-22,0,0
2009-11-21,0,0
2009-11-20,0,0
2009-11-19,0,0
2009-11-18,0,0
2009-11-17,0,0
2009-11-16,0,0
2009-11-15,0,0
2009-11-14,0,0
2009-11-13,1,1
2009-11-12,0,0
2009-11-11,71,71
2009-11-10,0,0
2009-11-09,0,0
2009-11-08,0,0
2009-11-07,0,0
2009-11-06,0,0
2009-11-05,0,0
2009-11-04,0,0
2009-11-03,0,0
2009-11-02,0,0
2009-11-01,0,0
2009-10-31,0,0
2009-10-30,0,0
2009-10-29,0,0
2009-10-28,0,0
2009-10-27,0,0
2009-10-26,0,0
2009-10-25,0,0
2009-10-24,0,0
2009-10-23,0,0
2009-10-22,0,0
2009-10-21,0,0
2009-10-20,100,0
2009-10-19,0,0
2009-10-18,0,0
2009-10-17,0,0
2009-10-16,0,0
2009-10-15,0,0
2009-10-14,0,0
2009-10-13,0,0
2009-10-12,0,0
2009-10-11,0,0
2009-10-10,0,0
2009-10-09,0,0
2009-10-08,0,0
2009-10-07,0,0
2009-10-06,0,0
2009-10-05,0,0
2009-10-04,0,0
2009-10-03,0,0
2009-10-02,0,0
2009-10-01,0,0
2009-09-30,0,0
2009-09-29,0,0
2009-09-28,0,0
2009-09-27,0,0
2009-09-26,0,0
2009-09-25,0,0
2009-09-24,0,0
2009-09-23,0,0
2009-09-22,0,0
2009-09-21,0,0
2009-09-20,0,0
2009-09-19,0,0
2009-09-18,0,0
2009-09-17,101,0
2009-09-16,0,0
2009-09-15,0,0
2009-09-14,0,0
2009-09-13,0,0
2009-09-12,0,0
2009-09-11,0,0
2009-09-10,0,0
2009-09-09,0,0
2009-09-08,0,0
2009-09-07,0,0
2009-09-06,0,0
2009-09-05,0,0
2009-09-04,0,0
2009-09-03,0,0
2009-09-02,0,0
2009-09-01,0,0
2009-08-31,0,0
2009-08-30,0,0
2009-08-29,0,0
2009-08-28,0,0
2009-08-27,0,0
2009-08-26,36,0
2009-08-25,0,0
2009-08-24,0,0
2009-08-23,0,0
2009-08-22,0,0
2009-08-21,0,0
2009-08-20,0,0
2009-08-19,0,0
2009-08-18,0,0
2009-08-17,0,0
2009-08-16,0,0
2009-08-15,0,0
2009-08-14,0,0
2009-08-13,0,0
2009-08-12,0,0
2009-08-11,0,0
2009-08-10,0,0
2009-08-09,0,0
2009-08-08,0,0
2009-08-07,110,0
2009-08-06,0,0
2009-08-05,0,0
2009-08-04,0,0
2009-08-03,0,0
2009-08-02,0,0
2009-08-01,0,0
2009-07-31,0,0
2009-07-30,1,1
2009-07-29,0,0
2009-07-28,0,0
2009-07-27,0,0
2009-07-26,0,0
2009-07-25,0,0
2009-07-24,0,0
2009-07-23,0,0
2009-07-22,0,0
2009-07-21,0,0
2009-07-20,120,0
2009-07-19,0,0
2009-07-18,0,0
2009-07-17,0,0
2009-07-16,0,0
2009-07-15,0,0
2009-07-14,0,0
2009-07-13,0,0
2009-07-12,0,0
2009-07-11,0,0
2009-07-10,0,0
2009-07-09,0,0
2009-07-08,0,0
2009-07-07,0,0
2009-07-06,0,0
2009-07-05,0,0
2009-07-04,0,0
2009-07-03,0,0
2009-07-02,1,1
2009-07-01,0,0
2009-06-30,0,0
2009-06-29,1,1
2009-06-28,1,1
2009-06-27,0,0
2009-06-26,0,0
2009-06-25,0,0
2009-06-24,0,1
2009-06-23,0,0
2009-06-22,0,0
2009-06-21,0,0
2009-06-20,0,0
2009-06-19,0,0
2009-06-18,0,0
2009-06-17,0,0
2009-06-16,0,0
2009-06-15,0,0
2009-06-14,0,0
2009-06-13,0,0
2009-06-12,0,0
2009-06-11,0,0
2009-06-10,0,0
2009-06-09,0,0
2009-06-08,0,0
2009-06-07,0,0
2009-06-06,0,0
2009-06-05,0,0
2009-06-04,0,0
2009-06-03,0,0
2009-06-02,0,0
2009-06-01,1,0
2009-05-31,0,0
2009-05-30,0,0
2009-05-29,0,0
2009-05-28,0,0
2009-05-27,0,0
2009-05-26,0,0
2009-05-25,0,0
2009-05-24,0,0
2009-05-23,0,0
2009-05-22,0,0
2009-05-21,0,0
2009-05-20,0,0
2009-05-19,0,0
2009-05-18,0,0
2009-05-17,0,0
2009-05-16,0,0
2009-05-15,0,0
2009-05-14,1,0
2009-05-13,1,0
2009-05-12,0,0
2009-05-11,2,2
2009-05-10,0,0
2009-05-09,0,0
2009-05-08,0,0
2009-05-07,0,0
2009-05-06,0,0
2009-05-05,0,0
2009-05-04,0,0
2009-05-03,1,1
2009-05-02,14,0
2009-05-01,0,0
2009-04-30,0,0
2009-04-29,0,0
2009-04-28,0,0
2009-04-27,0,0
2009-04-26,0,0
2009-04-25,0,0
2009-04-24,0,0
2009-04-23,0,0
2009-04-22,0,0
2009-04-21,1,0
2009-04-20,0,0
2009-04-19,0,0
2009-04-18,1,1
2009-04-17,0,0
2009-04-16,0,0
2009-04-15,0,0
2009-04-14,0,0
2009-04-13,1,1
2009-04-12,0,0
2009-04-11,0,0
2009-04-10,0,0
2009-04-09,0,0
2009-04-08,0,0
2009-04-07,0,0
2009-04-06,0,0
2009-04-05,0,0
2009-04-04,0,0
2009-04-03,0,0
2009-04-02,0,0
2009-04-01,0,0
2009-03-31,0,0
2009-03-30,0,0
2009-03-29,0,0
2009-03-28,0,0
2009-03-27,0,0
2009-03-26,0,0
2009-03-25,0,0
2009-03-24,0,0
2009-03-23,0,0
2009-03-22,0,0
2009-03-21,0,0
2009-03-20,0,0
2009-03-19,0,0
2009-03-18,0,0
2009-03-17,0,0
2009-03-16,0,0
2009-03-15,0,0
2009-03-14,0,0
2009-03-13,0,0
2009-03-12,0,0
2009-03-11,0,0
2009-03-10,0,0
2009-03-09,0,0
2009-03-08,0,0
2009-03-07,0,0
2009-03-06,0,0
2009-03-05,0,0
2009-03-04,1,0
2009-03-03,0,0
2009-03-02,0,0
2009-03-01,0,0
2009-02-28,0,0
2009-02-27,0,0
2009-02-26,0,0
2009-02-25,0,0
2009-02-24,0,0
2009-02-23,0,0
2009-02-22,0,0
2009-02-21,0,0
2009-02-20,0,0
2009-02-19,0,0
2009-02-18,0,0
2009-02-17,0,0
2009-02-16,0,0
2009-02-15,0,0
2009-02-14,0,0
2009-02-13,0,0
2009-02-12,0,0
2009-02-11,0,0
2009-02-10,0,0
2009-02-09,0,0
2009-02-08,0,0
2009-02-07,1,0
2009-02-06,0,0
2009-02-05,0,0
2009-02-04,0,0
2009-02-03,4,2
2009-02-02,0,0
2009-02-01,0,0
2009-01-31,0,0
2009-01-30,0,0
2009-01-29,0,0
2009-01-28,0,0
2009-01-27,0,0
2009-01-26,0,0
2009-01-25,0,0
2009-01-24,0,0
2009-01-23,0,0
2009-01-22,0,0
2009-01-21,0,0
2009-01-20,0,0
2009-01-19,0,0
2009-01-18,0,0
2009-01-17,0,0
2009-01-16,0,0
2009-01-15,2,2
2009-01-14,0,0
2009-01-13,0,0
2009-01-12,1,1
2009-01-11,0,0
2009-01-10,0,0
2009-01-09,0,0
2009-01-03,0,0
