date,total_fees,channel_open_fees,channel_close_fees,lightning_fees,lightning_pct
2017-01-01,65.07949883,0,0,0,0
2017-01-02,112.88414659,0,0,0,0
2017-01-03,117.50869676,0,0,0,0
2017-01-04,193.3374362,0,0,0,0
2017-01-05,114.99194252,0,0,0,0
2017-01-06,127.77072194,0,0,0,0
2017-01-07,106.3384173,0,0,0,0
2017-01-08,91.2413482,0,0,0,0
2017-01-09,102.04592665,0,0,0,0
2017-01-10,119.94087094,0,0,0,0
2017-01-11,111.82087465,0,0,0,0
2017-01-12,105.50392824,0,0,0,0
2017-01-13,96.9954013,0,0,0,0
2017-01-14,86.85666196,0,0,0,0
2017-01-15,82.22432059,0,0,0,0
2017-01-16,103.64270285,0,0,0,0
2017-01-17,109.39305302,0,0,0,0
2017-01-18,107.93626344,0,0,0,0
2017-01-19,112.3957332,0,0,0,0
2017-01-20,104.84963495,0,0,0,0
2017-01-21,94.58963263,0,0,0,0
2017-01-22,87.1148655,0,0,0,0
2017-01-23,109.01172711,0,0,0,0
2017-01-24,143.1652105,0,0,0,0
2017-01-25,135.00808277,0,0,0,0
2017-01-26,123.55631958,0,0,0,0
2017-01-27,114.04371837,0,0,0,0
2017-01-28,122.5350693,0,0,0,0
2017-01-29,119.8377983,0,0,0,0
2017-01-30,135.15608339,0,0,0,0
2017-01-31,145.66158893,0,0,0,0
2017-02-01,154.9165724,0,0,0,0
2017-02-02,142.30055361,0,0,0,0
2017-02-03,162.42120704,0,0,0,0
2017-02-04,138.64644801,0,0,0,0
2017-02-05,136.17869567,0,0,0,0
2017-02-06,154.93020175,0,0,0,0
2017-02-07,170.75671139,0,0,0,0
2017-02-08,157.14493504,0,0,0,0
2017-02-09,174.18568718,0,0,0,0
2017-02-10,139.77915541,0,0,0,0
2017-02-11,117.08000976,0,0,0,0
2017-02-12,102.51055926,0,0,0,0
2017-02-13,136.77242215,0,0,0,0
2017-02-14,140.99131586,0,0,0,0
2017-02-15,134.04888989,0,0,0,0
2017-02-16,169.87720101,0,0,0,0
2017-02-17,165.84442388,0,0,0,0
2017-02-18,152.22901802,0,0,0,0
2017-02-19,129.44377921,0,0,0,0
2017-02-20,159.91401438,0,0,0,0
2017-02-21,165.81707207,0,0,0,0
2017-02-22,182.03570523,0,0,0,0
2017-02-23,211.65472424,0,0,0,0
2017-02-24,226.7099144,0,0,0,0
2017-02-25,191.30417997,0,0,0,0
2017-02-26,161.17260121,0,0,0,0
2017-02-27,195.38746144,0,0,0,0
2017-02-28,227.3714723,0,0,0,0
2017-03-01,229.59036693,0,0,0,0
2017-03-02,252.22663973,0,0,0,0
2017-03-03,259.68606189,0,0,0,0
2017-03-04,220.29548015,0,0,0,0
2017-03-05,216.69618574,0,0,0,0
2017-03-06,238.98093612,0,0,0,0
2017-03-07,269.77191295,0,0,0,0
2017-03-08,233.7307623,0,0,0,0
2017-03-09,236.67178552,0,0,0,0
2017-03-10,257.91797636,0,0,0,0
2017-03-11,217.66771727,0,0,0,0
2017-03-12,190.62879952,0,0,0,0
2017-03-13,220.75092528,0,0,0,0
2017-03-14,256.53171308,0,0,0,0
2017-03-15,236.25501962,0,0,0,0
2017-03-16,264.55158129,0,0,0,0
2017-03-17,244.58901754,0,0,0,0
2017-03-18,217.05770532,0,0,0,0
2017-03-19,211.62793576,0,0,0,0
2017-03-20,241.15787713,0,0,0,0
2017-03-21,248.6366135,0,0,0,0
2017-03-22,265.84522812,0,0,0,0
2017-03-23,235.99807634,0,0,0,0
2017-03-24,231.55050182,0,0,0,0
2017-03-25,182.00765156,0,0,0,0
2017-03-26,154.65177428,0,0,0,0
2017-03-27,194.84378734,0,0,0,0
2017-03-28,233.22176362,0,0,0,0
2017-03-29,212.93579722,0,0,0,0
2017-03-30,203.40448684,0,0,0,0
2017-03-31,217.27700693,0,0,0,0
2017-04-01,190.64263242,0,0,0,0
2017-04-02,180.73640574,0,0,0,0
2017-04-03,221.03918997,0,0,0,0
2017-04-04,200.30284512,0,0,0,0
2017-04-05,236.29861443,0,0,0,0
2017-04-06,221.71976913,0,0,0,0
2017-04-07,225.14679282,0,0,0,0
2017-04-08,171.61302076,0,0,0,0
2017-04-09,168.05979031,0,0,0,0
2017-04-10,197.26586623,0,0,0,0
2017-04-11,226.34667638,0,0,0,0
2017-04-12,212.1552116,0,0,0,0
2017-04-13,216.66765492,0,0,0,0
2017-04-14,235.48446532,0,0,0,0
2017-04-15,201.55356574,0,0,0,0
2017-04-16,158.85627688,0,0,0,0
2017-04-17,180.72834518,0,0,0,0
2017-04-18,220.20687325,0,0,0,0
2017-04-19,209.52935942,0,0,0,0
2017-04-20,228.37557725,0,0,0,0
2017-04-21,244.38907052,0,0,0,0
2017-04-22,180.34051775,0,0,0,0
2017-04-23,169.67309519,0,0,0,0
2017-04-24,187.96137981,0,0,0,0
2017-04-25,271.62738431,0,0,0,0
2017-04-26,253.84367765,0,0,0,0
2017-04-27,256.44731571,0,0,0,0
2017-04-28,249.68419536,0,0,0,0
2017-04-29,256.37648122,0,0,0,0
2017-04-30,199.30763935,0,0,0,0
2017-05-01,227.7488656,0,0,0,0
2017-05-02,272.67966183,0,0,0,0
2017-05-03,247.34367708,0,0,0,0
2017-05-04,307.09568071,0,0,0,0
2017-05-05,261.31168454,0,0,0,0
2017-05-06,296.57369266,0,0,0,0
2017-05-07,277.03575031,0,0,0,0
2017-05-08,316.4495528,0,0,0,0
2017-05-09,302.96153363,0,0,0,0
2017-05-10,303.26495895,0,0,0,0
2017-05-11,279.58022914,0,0,0,0
2017-05-12,322.05057537,0,0,0,0
2017-05-13,301.19440047,0,0,0,0
2017-05-14,297.47622441,0,0,0,0
2017-05-15,327.30377033,0,0,0,0
2017-05-16,343.40900559,0,0,0,0
2017-05-17,485.9361122,0,0,0,0
2017-05-18,392.02141315,0,0,0,0
2017-05-19,442.811934,0,0,0,0
2017-05-20,387.7538543,0,0,0,0
2017-05-21,352.78845637,0,0,0,0
2017-05-22,406.63804239,0,0,0,0
2017-05-23,468.38356854,0,0,0,0
2017-05-24,472.94001691,0,0,0,0
2017-05-25,498.87943053,0,0,0,0
2017-05-26,469.79624965,0,0,0,0
2017-05-27,528.8278222,0,0,0,0
2017-05-28,421.48503001,0,0,0,0
2017-05-29,494.90441559,0,0,0,0
2017-05-30,588.38790095,0,0,0,0
2017-05-31,570.4198544,0,0,0,0
2017-06-01,569.07004507,0,0,0,0
2017-06-02,470.15193004,0,0,0,0
2017-06-03,545.64725387,0,0,0,0
2017-06-04,441.99355556,0,0,0,0
2017-06-05,475.43804182,0,0,0,0
2017-06-06,511.33813564,0,0,0,0
2017-06-07,668.13204735,0,0,0,0
2017-06-08,490.9904414,0,0,0,0
2017-06-09,455.56014992,0,0,0,0
2017-06-10,390.9040331,0,0,0,0
2017-06-11,356.12024978,0,0,0,0
2017-06-12,409.8643713,0,0,0,0
2017-06-13,479.43977642,0,0,0,0
2017-06-14,454.74199601,0,0,0,0
2017-06-15,435.40345777,0,0,0,0
2017-06-16,375.35139576,0,0,0,0
2017-06-17,311.39831919,0,0,0,0
2017-06-18,277.9955946,0,0,0,0
2017-06-19,387.16284645,0,0,0,0
2017-06-20,388.08537505,0,0,0,0
2017-06-21,462.70370719,0,0,0,0
2017-06-22,447.10509654,0,0,0,0
2017-06-23,338.95972894,0,0,0,0
2017-06-24,307.20884336,0,0,0,0
2017-06-25,258.68838592,0,0,0,0
2017-06-26,375.05657594,0,0,0,0
2017-06-27,367.89377898,0,0,0,0
2017-06-28,385.86002411,0,0,0,0
2017-06-29,341.40053758,0,0,0,0
2017-06-30,357.17190559,0,0,0,0
2017-07-01,255.27403629,0,0,0,0
2017-07-02,197.85958294,0,0,0,0
2017-07-03,283.21012118,0,0,0,0
2017-07-04,293.93425872,0,0,0,0
2017-07-05,225.82080685,0,0,0,0
2017-07-06,241.52060511,0,0,0,0
2017-07-07,240.65571245,0,0,0,0
2017-07-08,192.41183082,0,0,0,0
2017-07-09,157.22803089,0,0,0,0
2017-07-10,205.57250621,0,0,0,0
2017-07-11,207.57617324,0,0,0,0
2017-07-12,222.35199706,0,0,0,0
2017-07-13,210.79018124,0,0,0,0
2017-07-14,215.37764419,0,0,0,0
2017-07-15,378.35756847,0,0,0,0
2017-07-16,166.92852306,0,0,0,0
2017-07-17,198.03657541,0,0,0,0
2017-07-18,224.51846967,0,0,0,0
2017-07-19,201.60223858,0,0,0,0
2017-07-20,229.27219537,0,0,0,0
2017-07-21,249.73969757,0,0,0,0
2017-07-22,171.03691992,0,0,0,0
2017-07-23,125.37693822,0,0,0,0
2017-07-24,166.96352984,0,0,0,0
2017-07-25,168.49293292,0,0,0,0
2017-07-26,167.53481996,0,0,0,0
2017-07-27,166.27056958,0,0,0,0
2017-07-28,188.43132327,0,0,0,0
2017-07-29,156.46665323,0,0,0,0
2017-07-30,138.11682207,0,0,0,0
2017-07-31,194.86886623,0,0,0,0
2017-08-01,75.94662047,0,0,0,0
2017-08-02,130.51485681,0,0,0,0
2017-08-03,124.10595421,0,0,0,0
2017-08-04,113.47123621,0,0,0,0
2017-08-05,113.56678695,0,0,0,0
2017-08-06,87.90639938,0,0,0,0
2017-08-07,121.82649183,0,0,0,0
2017-08-08,159.06311046,0,0,0,0
2017-08-09,157.95191308,0,0,0,0
2017-08-10,193.18600285,0,0,0,0
2017-08-11,234.94470226,0,0,0,0
2017-08-12,210.75240215,0,0,0,0
2017-08-13,189.71104645,0,0,0,0
2017-08-14,249.18827382,0,0,0,0
2017-08-15,350.45038263,0,0,0,0
2017-08-16,347.52500864,0,0,0,0
2017-08-17,365.31634907,0,0,0,0
2017-08-18,337.96192313,0,0,0,0
2017-08-19,265.91179874,0,0,0,0
2017-08-20,208.98199629,0,0,0,0
2017-08-21,297.96496476,0,0,0,0
2017-08-22,334.18474511,0,0,0,0
2017-08-23,541.97068152,0,0,0,0
2017-08-24,385.99923422,0,0,0,0
2017-08-25,425.81587924,0,0,0,0
2017-08-26,425.31312205,0,0,0,0
2017-08-27,358.8427277,0,0,0,0
2017-08-28,378.17846684,0,0,0,0
2017-08-29,461.76014165,0,0,0,0
2017-08-30,388.49753062,0,0,0,0
2017-08-31,413.21489691,0,0,0,0
2017-09-01,382.74200641,0,0,0,0
2017-09-02,290.49925993,0,0,0,0
2017-09-03,239.13526989,0,0,0,0
2017-09-04,325.4016802,0,0,0,0
2017-09-05,281.90480312,0,0,0,0
2017-09-06,272.59987797,0,0,0,0
2017-09-07,257.33579475,0,0,0,0
2017-09-08,217.76572461,0,0,0,0
2017-09-09,144.85041627,0,0,0,0
2017-09-10,143.23841995,0,0,0,0
2017-09-11,159.73383041,0,0,0,0
2017-09-12,148.9079562,0,0,0,0
2017-09-13,133.73148672,0,0,0,0
2017-09-14,153.73503588,0,0,0,0
2017-09-15,174.81664788,0,0,0,0
2017-09-16,119.91780546,0,0,0,0
2017-09-17,99.41066001,0,0,0,0
2017-09-18,168.30810036,0,0,0,0
2017-09-19,173.70341529,0,0,0,0
2017-09-20,146.40700953,0,0,0,0
2017-09-21,136.34884416,0,0,0,0
2017-09-22,117.1641681,0,0,0,0
2017-09-23,99.69585805,0,0,0,0
2017-09-24,83.67519444,0,0,0,0
2017-09-25,147.37049675,0,0,0,0
2017-09-26,150.08561133,0,0,0,0
2017-09-27,143.49865258,0,0,0,0
2017-09-28,134.45160224,0,0,0,0
2017-09-29,115.33216245,0,0,0,0
2017-09-30,101.44145793,0,0,0,0
2017-10-01,119.05349794,0,0,0,0
2017-10-02,180.47323995,0,0,0,0
2017-10-03,152.53441884,0,0,0,0
2017-10-04,136.73283395,0,0,0,0
2017-10-05,160.34424031,0,0,0,0
2017-10-06,149.02120217,0,0,0,0
2017-10-07,108.21556432,0,0,0,0
2017-10-08,111.79647505,0,0,0,0
2017-10-09,149.34098656,0,0,0,0
2017-10-10,167.2582099,0,0,0,0
2017-10-11,148.17289183,0,0,0,0
2017-10-12,174.4145147,0,0,0,0
2017-10-13,281.53458216,0,0,0,0
2017-10-14,227.59563891,0,0,0,0
2017-10-15,162.7073282,0,0,0,0
2017-10-16,193.41946089,0,0,0,0
2017-10-17,209.13726138,0,0,0,0
2017-10-18,192.2026716,0,0,0,0
2017-10-19,191.51239568,0,0,0,0
2017-10-20,161.97244556,0,0,0,0
2017-10-21,167.76730117,0,0,0,0
2017-10-22,155.33193023,0,0,0,0
2017-10-23,185.64433949,0,0,0,0
2017-10-24,199.79056912,0,0,0,0
2017-10-25,141.97537543,0,0,0,0
2017-10-26,112.65051758,0,0,0,0
2017-10-27,166.66745997,0,0,0,0
2017-10-28,175.03828084,0,0,0,0
2017-10-29,278.85712501,0,0,0,0
2017-10-30,263.59097424,0,0,0,0
2017-10-31,231.89499927,0,0,0,0
2017-11-01,296.93760422,0,0,0,0
2017-11-02,277.59079476,0,0,0,0
2017-11-03,271.77385265,0,0,0,0
2017-11-04,273.249729,0,0,0,0
2017-11-05,197.6563993,0,0,0,0
2017-11-06,240.33789733,0,0,0,0
2017-11-07,294.12731396,0,0,0,0
2017-11-08,262.16939123,0,0,0,0
2017-11-09,361.32993999,0,0,0,0
2017-11-10,319.97295719,0,0,0,0
2017-11-11,317.05792683,0,0,0,0
2017-11-12,583.61046709,0,0,0,0
2017-11-13,783.38626441,0,0,0,0
2017-11-14,615.08687921,0,0,0,0
2017-11-15,603.50996198,0,0,0,0
2017-11-16,502.64025918,0,0,0,0
2017-11-17,401.16643265,0,0,0,0
2017-11-18,289.98839235,0,0,0,0
2017-11-19,247.44354414,0,0,0,0
2017-11-20,329.01817427,0,0,0,0
2017-11-21,310.29655182,0,0,0,0
2017-11-22,256.40318228,0,0,0,0
2017-11-23,265.91956914,0,0,0,0
2017-11-24,233.53648718,0,0,0,0
2017-11-25,195.63976527,0,0,0,0
2017-11-26,191.22207725,0,0,0,0
2017-11-27,236.5030831,0,0,0,0
2017-11-28,245.23091351,0,0,0,0
2017-11-29,290.90212855,0,0,0,0
2017-11-30,270.63114407,0,0,0,0
2017-12-01,247.0519056,0,0,0,0
2017-12-02,190.29585342,0,0,0,0
2017-12-03,187.45114274,0,0,0,0
2017-12-04,226.11990963,0,0,0,0
2017-12-05,219.679754,0,0,0,0
2017-12-06,257.16995428,0,0,0,0
2017-12-07,364.60560502,0,0,0,0
2017-12-08,641.42966479,0,0,0,0
2017-12-09,567.08842445,0,0,0,0
2017-12-10,458.10029691,0,0,0,0
2017-12-11,483.63865068,0,0,0,0
2017-12-12,537.94407913,0,0,0,0
2017-12-13,604.2979452,0,0,0,0
2017-12-14,644.60794431,0,0,0,0
2017-12-15,592.70393429,0,0,0,0
2017-12-16,534.01138337,0,0,0,0
2017-12-17,535.43867532,0,0,0,0
2017-12-18,587.12548366,0,0,0,0
2017-12-19,662.59550536,0,0,0,0
2017-12-20,911.59174277,0,0,0,0
2017-12-21,1128.76167038,0,0,0,0
2017-12-22,1495.94647734,0,0,0,0
2017-12-23,1065.61559484,0,0,0,0
2017-12-24,881.12136284,0,0,0,0
2017-12-25,689.39441204,0,0,0,0
2017-12-26,725.62381816,0,0,0,0
2017-12-27,784.81712352,0,0,0,0
2017-12-28,785.83389168,0,0,0,0
2017-12-29,785.79504963,0,0,0,0
2017-12-30,778.5711097,0,0,0,0
2017-12-31,545.14452622,0,0,0,0
2018-01-01,469.41303646,0,0,0,0
2018-01-02,649.16497626,0,0,0,0
2018-01-03,749.68547259,0,0,0,0
2018-01-04,778.26109477,0,0,0,0
2018-01-05,701.35602085,0,0,0,0
2018-01-06,694.47790564,0,0,0,0
2018-01-07,686.11400249,0,0,0,0
2018-01-08,694.5264055,0,0,0,0
2018-01-09,752.4182028,0,0,0,0
2018-01-10,720.32570087,0,0,0,0
2018-01-11,697.44083354,0,0,0,0
2018-01-12,617.63579417,0.00024605,0,0.00024605,0.000000398
2018-01-13,528.46632102,0,0,0,0
2018-01-14,491.32446483,0.00031772,0,0.00031772,0.000000647
2018-01-15,510.11761779,0.002033,0,0.002033,0.000003985
2018-01-16,606.38246009,0.0015542,0,0.0015542,0.000002563
2018-01-17,675.09668652,0.00213005,0,0.00213005,0.000003155
2018-01-18,656.89753535,0.00121318,0,0.00121318,0.000001847
2018-01-19,491.48999429,0.00194414,0,0.00194414,0.000003956
2018-01-20,429.4031975,0.00241432,0,0.00241432,0.000005623
2018-01-21,343.36269629,0.00275615,0,0.00275615,0.000008027
2018-01-22,314.61253947,0.00184983,0,0.00184983,0.00000588
2018-01-23,285.95800518,0.00362362,0,0.00362362,0.000012672
2018-01-24,283.49809897,0.01042984,0,0.01042984,0.00003679
2018-01-25,220.85446644,0.00255071,0,0.00255071,0.000011549
2018-01-26,209.13221596,0.00178492,0,0.00178492,0.000008535
2018-01-27,168.25469362,0.00157433,0,0.00157433,0.000009357
2018-01-28,155.34485572,0.00056232,0,0.00056232,0.00000362
2018-01-29,145.75112922,0.00040677,0,0.00040677,0.000002791
2018-01-30,160.30090386,0.00388961,0,0.00388961,0.000024264
2018-01-31,162.20623626,0.00213548,0,0.00213548,0.000013165
2018-02-01,214.02754492,0.00303999,0,0.00303999,0.000014204
2018-02-02,274.36258243,0.00397537,0,0.00397537,0.000014489
2018-02-03,146.92776937,0.00157404,0,0.00157404,0.000010713
2018-02-04,111.31669812,0.00002158,0,0.00002158,0.000000194
2018-02-05,173.7675019,0.0022191,0,0.0022191,0.000012771
2018-02-06,164.26998571,0.00178218,0,0.00178218,0.000010849
2018-02-07,123.52109098,0.00202871,0,0.00202871,0.000016424
2018-02-08,87.98500449,0.00097826,0,0.00097826,0.000011118
2018-02-09,88.36425123,0.00078583,0,0.00078583,0.000008893
2018-02-10,88.79565618,0.00692597,0,0.00692597,0.000077999
2018-02-11,61.96458348,0.00062569,0,0.00062569,0.000010098
2018-02-12,69.96971094,0.00040455,0,0.00040455,0.000005782
2018-02-13,68.57325292,0.00023791,0,0.00023791,0.000003469
2018-02-14,63.75846926,0.00021758,0,0.00021758,0.000003413
2018-02-15,64.08005499,0.00027664,0,0.00027664,0.000004317
2018-02-16,58.25713445,0.00013748,0,0.00013748,0.00000236
2018-02-17,48.63875388,0.0001161,0,0.0001161,0.000002387
2018-02-18,44.58328081,0.0002049,0,0.0002049,0.000004596
2018-02-19,50.9081119,0.00013284,0,0.00013284,0.000002609
2018-02-20,52.23072575,0.00010227,0,0.00010227,0.000001958
2018-02-21,40.68256761,0.00008563,0,0.00008563,0.000002105
2018-02-22,37.60222865,0.00003003,0,0.00003003,0.000000799
2018-02-23,73.94810594,0.00051053,0,0.00051053,0.000006904
2018-02-24,96.10766905,0.00116191,0,0.00116191,0.00001209
2018-02-25,41.44060303,0.00014977,0,0.00014977,0.000003614
2018-02-26,46.19035139,0.00017831,0,0.00017831,0.00000386
2018-02-27,50.54578675,0.0001547,0,0.0001547,0.000003061
2018-02-28,51.29908837,0.0000576,0,0.0000576,0.000001123
2018-03-01,52.05574602,0.00053415,0,0.00053415,0.000010261
2018-03-02,42.01376982,0.00050288,0,0.00050288,0.000011969
2018-03-03,37.96379904,0.00119636,0,0.00119636,0.000031513
2018-03-04,33.46586197,0.00023329,0,0.00023329,0.000006971
2018-03-05,44.53138052,0.00035875,0,0.00035875,0.000008056
2018-03-06,37.24003205,0.00006021,0,0.00006021,0.000001617
2018-03-07,34.8377064,0.00025129,0,0.00025129,0.000007213
2018-03-08,35.63080068,0.00005048,0,0.00005048,0.000001417
2018-03-09,34.8459414,0.0001048,0,0.0001048,0.000003008
2018-03-10,40.27322368,0.00027451,0,0.00027451,0.000006816
2018-03-11,39.61038377,0.00002308,0,0.00002308,0.000000583
2018-03-12,33.46783473,0.00008416,0,0.00008416,0.000002515
2018-03-13,60.67628875,0.00055445,0,0.00055445,0.000009138
2018-03-14,37.04036657,0.00002517,0,0.00002517,0.00000068
2018-03-15,36.64624829,0.00021054,0,0.00021054,0.000005745
2018-03-16,29.65177072,0.00007953,0,0.00007953,0.000002682
2018-03-17,21.51541723,0.00004255,0,0.00004255,0.000001978
2018-03-18,25.33293823,0.00001294,0,0.00001294,0.000000511
2018-03-19,30.78064883,0.00009331,0,0.00009331,0.000003031
2018-03-20,31.3790795,0.00086721,0,0.00086721,0.000027637
2018-03-21,31.0252744,0.00004002,0,0.00004002,0.00000129
2018-03-22,27.7247885,0.00017114,0,0.00017114,0.000006173
2018-03-23,26.25767336,0.00016659,0,0.00016659,0.000006344
2018-03-24,21.76498898,0.00007333,0,0.00007333,0.000003369
2018-03-25,20.23147507,0.00016775,0,0.00016775,0.000008292
2018-03-26,26.98506764,0.00009078,0,0.00009078,0.000003364
2018-03-27,27.51028124,0.0004711,0,0.0004711,0.000017125
2018-03-28,24.09273355,0.00015843,0,0.00015843,0.000006576
2018-03-29,27.20122872,0.00019338,0,0.00019338,0.000007109
2018-03-30,25.7646693,0.00009676,0,0.00009676,0.000003756
2018-03-31,20.07447617,0.00027763,0,0.00027763,0.00001383
2018-04-01,18.28180544,0.00025784,0,0.00025784,0.000014104
2018-04-02,21.39248333,0.00039826,0,0.00039826,0.000018617
2018-04-03,25.12929851,0.00021733,0,0.00021733,0.000008648
2018-04-04,24.81899369,0.00078558,0,0.00078558,0.000031652
2018-04-05,24.46293557,0.00122248,0,0.00122248,0.000049973
2018-04-06,34.53138383,0.00053549,0,0.00053549,0.000015507
2018-04-07,27.16559493,0.00034149,0,0.00034149,0.000012571
2018-04-08,21.01734283,0.00033569,0,0.00033569,0.000015972
2018-04-09,22.42407623,0.00022187,0,0.00022187,0.000009894
2018-04-10,22.98846383,0.00011218,0,0.00011218,0.00000488
2018-04-11,22.75353142,0.000338,0,0.000338,0.000014855
2018-04-12,35.70920887,0.00076076,0,0.00076076,0.000021304
2018-04-13,36.36336175,0.0004808,0,0.0004808,0.000013222
2018-04-14,23.75939568,0.00057392,0,0.00057392,0.000024155
2018-04-15,24.30501194,0.00022296,0,0.00022296,0.000009173
2018-04-16,25.73063079,0.00016319,0,0.00016319,0.000006342
2018-04-17,26.13707878,0.00027361,0,0.00027361,0.000010468
2018-04-18,25.31797642,0.00008416,0,0.00008416,0.000003324
2018-04-19,27.6722839,0.00010743,0,0.00010743,0.000003882
2018-04-20,29.02296386,0.00026745,0,0.00026745,0.000009215
2018-04-21,28.40590158,0.00012871,0,0.00012871,0.000004531
2018-04-22,21.73949684,0.00006964,0,0.00006964,0.000003203
2018-04-23,29.13376866,0.00021069,0,0.00021069,0.000007232
2018-04-24,65.4108642,0.00175552,0,0.00175552,0.000026838
2018-04-25,91.73241634,0.00157313,0,0.00157313,0.000017149
2018-04-26,67.58831497,0.0020007,0,0.0020007,0.000029601
2018-04-27,55.63050596,0.00100469,0,0.00100469,0.00001806
2018-04-28,41.9470722,0.00062368,0,0.00062368,0.000014868
2018-04-29,34.8862402,0.00062952,0,0.00062952,0.000018045
2018-04-30,36.71911167,0.00018165,0,0.00018165,0.000004947
2018-05-01,31.75790178,0.00005419,0,0.00005419,0.000001706
2018-05-02,38.88684015,0.0004369,0,0.0004369,0.000011235
2018-05-03,39.40065166,0.00072508,0,0.00072508,0.000018403
2018-05-04,39.37853649,0.00030969,0,0.00030969,0.000007864
2018-05-05,32.17831497,0.00054212,0,0.00054212,0.000016847
2018-05-06,31.28195837,0.0003783,0,0.0003783,0.000012093
2018-05-07,35.90014262,0.00047051,0,0.00047051,0.000013106
2018-05-08,34.29413578,0.00056379,0,0.00056379,0.00001644
2018-05-09,30.52956993,0.0001428,0,0.0001428,0.000004677
2018-05-10,26.71177891,0.00005861,0,0.00005861,0.000002194
2018-05-11,38.61210375,0.00012818,0,0.00012818,0.00000332
2018-05-12,28.38834405,0.0003419,0,0.0003419,0.000012044
2018-05-13,23.33858622,0.00026867,0,0.00026867,0.000011512
2018-05-14,35.25774075,0.00049405,0,0.00049405,0.000014013
2018-05-15,37.83474629,0.00080531,0,0.00080531,0.000021285
2018-05-16,32.35890796,0.00043226,0,0.00043226,0.000013358
2018-05-17,54.05727301,0.00037544,0,0.00037544,0.000006945
2018-05-18,70.13995212,0.00047884,0,0.00047884,0.000006827
2018-05-19,31.42390531,0.00003074,0,0.00003074,0.000000978
2018-05-20,24.98915763,0.00001176,0,0.00001176,0.000000471
2018-05-21,31.28915469,0.00004407,0,0.00004407,0.000001408
2018-05-22,26.52413321,0.00003248,0,0.00003248,0.000001225
2018-05-23,30.82025138,0.00006898,0,0.00006898,0.000002238
2018-05-24,29.75362781,0.00003895,0,0.00003895,0.000001309
2018-05-25,30.37696335,0.00006525,0,0.00006525,0.000002148
2018-05-26,22.51408114,0.00000442,0,0.00000442,0.000000196
2018-05-27,19.47089221,0.00003861,0,0.00003861,0.000001983
2018-05-28,29.12400991,0.00004966,0,0.00004966,0.000001705
2018-05-29,28.63684227,0,0,0,0
2018-05-30,22.66213792,0.00008715,0,0.00008715,0.000003846
2018-05-31,21.6541427,0.00002192,0,0.00002192,0.000001012
2018-06-01,20.37476636,0.00000153,0,0.00000153,0.000000075
2018-06-02,16.27842016,0,0,0,0
2018-06-03,15.3074038,0.00001058,0,0.00001058,0.000000691
2018-06-04,20.71075272,0.00004241,0,0.00004241,0.000002048
2018-06-05,18.52827963,0.00007674,0,0.00007674,0.000004142
2018-06-06,19.4579716,0.00011967,0,0.00011967,0.00000615
2018-06-07,20.6699365,0.00013943,0,0.00013943,0.000006746
2018-06-08,17.89042019,0.0000514,0,0.0000514,0.000002873
2018-06-09,18.7073671,0.00001555,0,0.00001555,0.000000831
2018-06-10,16.7009531,0.00001654,0,0.00001654,0.00000099
2018-06-11,24.67101897,0.00004835,0,0.00004835,0.00000196
2018-06-12,21.90653344,0.00006914,0,0.00006914,0.000003156
2018-06-13,37.41423181,0.00042839,0,0.00042839,0.00001145
2018-06-14,28.01723114,0.00010352,0,0.00010352,0.000003695
2018-06-15,23.19453295,0.00009197,0,0.00009197,0.000003965
2018-06-16,16.44224754,0.00015343,0,0.00015343,0.000009331
2018-06-17,23.48902029,0.00002301,0,0.00002301,0.00000098
2018-06-18,17.52291191,0.00002654,0,0.00002654,0.000001515
2018-06-19,83.80865389,0.00014825,0,0.00014825,0.000001769
2018-06-20,203.28532024,0.00119723,0,0.00119723,0.000005889
2018-06-21,73.52012206,0.00034003,0,0.00034003,0.000004625
2018-06-22,68.9368202,0.00071137,0,0.00071137,0.000010319
2018-06-23,31.93798474,0.00012839,0,0.00012839,0.00000402
2018-06-24,27.03085817,0.00001177,0,0.00001177,0.000000435
2018-06-25,34.68013653,0.00022971,0,0.00022971,0.000006624
2018-06-26,32.34384664,0.00011437,0,0.00011437,0.000003536
2018-06-27,32.15886049,0.00011149,0,0.00011149,0.000003467
2018-06-28,27.15925646,0.00012905,0,0.00012905,0.000004752
2018-06-29,27.41063627,0.00004731,0,0.00004731,0.000001726
2018-06-30,23.60409759,0.00008389,0,0.00008389,0.000003554
2018-07-01,16.7928896,0.00006817,0,0.00006817,0.000004059
2018-07-02,23.48063765,0.00096678,0,0.00096678,0.000041173
2018-07-03,27.90259772,0.00010005,0,0.00010005,0.000003586
2018-07-04,21.54452916,0.00007683,0,0.00007683,0.000003566
2018-07-05,19.76600519,0.00002811,0,0.00002811,0.000001422
2018-07-06,21.70281974,0.00006702,0,0.00006702,0.000003088
2018-07-07,16.56969368,0.00003961,0,0.00003961,0.000002391
2018-07-08,15.64479917,0.00007242,0,0.00007242,0.000004629
2018-07-09,19.92606527,0.0000637,0,0.0000637,0.000003197
2018-07-10,22.86071401,0.00022626,0,0.00022626,0.000009897
2018-07-11,20.44250057,0.0000749,0,0.0000749,0.000003664
2018-07-12,18.63321237,0.00013327,0,0.00013327,0.000007152
2018-07-13,19.53514153,0.0001367,0,0.0001367,0.000006998
2018-07-14,15.01264127,0.00007724,0,0.00007724,0.000005145
2018-07-15,15.27821656,0.0003131,0,0.0003131,0.000020493
2018-07-16,23.61292569,0.00017676,0,0.00017676,0.000007486
2018-07-17,24.94209666,0.00033745,0,0.00033745,0.000013529
2018-07-18,31.82668475,0.00040832,0,0.00040832,0.000012829
2018-07-19,28.82741906,0.00020217,0,0.00020217,0.000007013
2018-07-20,23.08779797,0.00026403,0,0.00026403,0.000011436
2018-07-21,17.37819099,0.00045838,0,0.00045838,0.000026377
2018-07-22,14.77231882,0.00023271,0,0.00023271,0.000015753
2018-07-23,26.12072165,0.00041553,0,0.00041553,0.000015908
2018-07-24,29.64295029,0.00031434,0,0.00031434,0.000010604
2018-07-25,26.82417337,0.00027427,0,0.00027427,0.000010225
2018-07-26,23.88022702,0.00022206,0,0.00022206,0.000009299
2018-07-27,20.72404572,0.00019407,0,0.00019407,0.000009364
2018-07-28,16.74880998,0.00013682,0,0.00013682,0.000008169
2018-07-29,15.67077716,0.00043474,0,0.00043474,0.000027742
2018-07-30,24.57789474,0.00057603,0,0.00057603,0.000023437
2018-07-31,25.5829697,0.00013524,0,0.00013524,0.000005286
2018-08-01,21.2832986,0.00011862,0,0.00011862,0.000005573
2018-08-02,25.20903778,0.00056486,0,0.00056486,0.000022407
2018-08-03,23.21487948,0.00019447,0,0.00019447,0.000008377
2018-08-04,17.19453121,0.00016757,0,0.00016757,0.000009746
2018-08-05,13.6299328,0.0000801,0,0.0000801,0.000005877
2018-08-06,17.7504862,0.00004756,0,0.00004756,0.000002679
2018-08-07,18.61533926,0.0000606,0,0.0000606,0.000003255
2018-08-08,20.75086011,0.00009046,0,0.00009046,0.000004359
2018-08-09,20.7502075,0.00025581,0,0.00025581,0.000012328
2018-08-10,20.41451761,0.00007908,0,0.00007908,0.000003874
2018-08-11,15.39050663,0.00010273,0,0.00010273,0.000006675
2018-08-12,12.77525693,0.0000776,0,0.0000776,0.000006074
2018-08-13,19.92080467,0.00011803,0,0.00011803,0.000005925
2018-08-14,26.45582537,0.00034268,0,0.00034268,0.000012953
2018-08-15,22.16329503,0.00022012,0,0.00022012,0.000009932
2018-08-16,24.04769454,0.00018046,0,0.00018046,0.000007504
2018-08-17,24.88424895,0.00011507,0,0.00011507,0.000004624
2018-08-18,16.45331646,0.00005328,0,0.00005328,0.000003238
2018-08-19,17.04586085,0.00007291,0,0.00007291,0.000004277
2018-08-20,29.07233893,0.00072359,0,0.00072359,0.000024889
2018-08-21,24.75227584,0.00019135,0,0.00019135,0.000007731
2018-08-22,24.27418043,0.00025082,0,0.00025082,0.000010333
2018-08-23,19.30837036,0.00011594,0,0.00011594,0.000006005
2018-08-24,19.15356329,0.00011416,0,0.00011416,0.00000596
2018-08-25,21.06312548,0.00010125,0,0.00010125,0.000004807
2018-08-26,27.80300602,0.00019221,0,0.00019221,0.000006913
2018-08-27,32.65580356,0.00009882,0,0.00009882,0.000003026
2018-08-28,45.21346372,0.00081132,0,0.00081132,0.000017944
2018-08-29,23.64752291,0.00053115,0,0.00053115,0.000022461
2018-08-30,24.10101603,0.00031611,0,0.00031611,0.000013116
2018-08-31,25.25628116,0.00048235,0,0.00048235,0.000019098
2018-09-01,19.2117222,0.00020013,0,0.00020013,0.000010417
2018-09-02,16.3033171,0.00014029,0,0.00014029,0.000008605
2018-09-03,19.91598267,0.00026617,0,0.00026617,0.000013365
2018-09-04,24.1065379,0.00035208,0,0.00035208,0.000014605
2018-09-05,31.82732747,0.00081187,0,0.00081187,0.000025509
2018-09-06,31.29006024,0.0011695,0,0.0011695,0.000037376
2018-09-07,27.92194982,0.00223791,0,0.00223791,0.000080149
2018-09-08,18.81937591,0.00090246,0,0.00090246,0.000047954
2018-09-09,18.37028897,0.00033573,0,0.00033573,0.000018276
2018-09-10,19.97514305,0.00029984,0,0.00029984,0.000015011
2018-09-11,23.27470384,0.00028741,0,0.00028741,0.000012349
2018-09-12,23.91441308,0.00066631,0,0.00066631,0.000027862
2018-09-13,20.29803773,0.00042245,0,0.00042245,0.000020812
2018-09-14,21.21893106,0.00026783,0,0.00026783,0.000012622
2018-09-15,15.69995673,0.00030922,0,0.00030922,0.000019696
2018-09-16,13.07015213,0.00009091,0,0.00009091,0.000006956
2018-09-17,17.45767671,0.00014897,0,0.00014897,0.000008533
2018-09-18,19.01368472,0.00011972,0,0.00011972,0.000006297
2018-09-19,17.09335521,0.00016945,0,0.00016945,0.000009913
2018-09-20,18.26192982,0.0002098,0,0.0002098,0.000011488
2018-09-21,25.61259462,0.0001955,0,0.0001955,0.000007633
2018-09-22,18.65597145,0.00123515,0,0.00123515,0.000066207
2018-09-23,14.47737832,0.00018424,0,0.00018424,0.000012726
2018-09-24,15.50844294,0.00005336,0,0.00005336,0.000003441
2018-09-25,20.31737127,0.00030636,0,0.00030636,0.000015079
2018-09-26,20.1338664,0.00028923,0,0.00028923,0.000014365
2018-09-27,23.65350638,0.00093492,0,0.00093492,0.000039526
2018-09-28,28.91825487,0.0006482,0,0.0006482,0.000022415
2018-09-29,19.10685859,0.00065992,0,0.00065992,0.000034538
2018-09-30,15.42794706,0.00026448,0,0.00026448,0.000017143
2018-10-01,21.82334691,0.00049649,0,0.00049649,0.00002275
2018-10-02,25.72269107,0.00057264,0,0.00057264,0.000022262
2018-10-03,21.36448501,0.00052042,0,0.00052042,0.000024359
2018-10-04,18.70916379,0.00053385,0,0.00053385,0.000028534
2018-10-05,21.33672301,0.00021471,0,0.00021471,0.000010063
2018-10-06,17.57876392,0.00056508,0,0.00056508,0.000032146
2018-10-07,13.06671747,0.00029526,0,0.00029526,0.000022596
2018-10-08,16.79599849,0.00019784,0,0.00019784,0.000011779
2018-10-09,16.66631934,0.00077433,0,0.00077433,0.000046461
2018-10-10,15.6339373,0.00016393,0,0.00016393,0.000010486
2018-10-11,18.4172056,0.00024415,0,0.00024415,0.000013257
2018-10-12,18.44585713,0.00047997,0,0.00047997,0.00002602
2018-10-13,13.28476496,0.00018634,0,0.00018634,0.000014027
2018-10-14,12.41784997,0.00014594,0,0.00014594,0.000011752
2018-10-15,23.09602031,0.0003946,0,0.0003946,0.000017085
2018-10-16,19.31942675,0.00069069,0,0.00069069,0.000035751
2018-10-17,18.8500803,0.00027163,0,0.00027163,0.00001441
2018-10-18,18.05926167,0.00010592,0,0.00010592,0.000005865
2018-10-19,17.65876226,0.00031766,0,0.00031766,0.000017989
2018-10-20,14.32509812,0.00033827,0,0.00033827,0.000023614
2018-10-21,12.46404029,0.00005265,0,0.00005265,0.000004224
2018-10-22,16.6995118,0.00021108,0,0.00021108,0.00001264
2018-10-23,16.58331992,0.00030925,0,0.00030925,0.000018648
2018-10-24,16.94168952,0.00027754,0,0.00027754,0.000016382
2018-10-25,17.53993992,0.0004004,0,0.0004004,0.000022828
2018-10-26,17.91509911,0.0002202,0,0.0002202,0.000012291
2018-10-27,13.09651959,0.00028956,0,0.00028956,0.00002211
2018-10-28,16.5139359,0.00017932,0,0.00017932,0.000010859
2018-10-29,19.6041759,0.00018839,0,0.00018839,0.00000961
2018-10-30,18.77140942,0.00072897,0,0.00072897,0.000038834
2018-10-31,16.65229276,0.00013163,0,0.00013163,0.000007905
2018-11-01,17.45938887,0.00018895,0,0.00018895,0.000010822
2018-11-02,18.32471846,0.00031521,0,0.00031521,0.000017201
2018-11-03,13.59185156,0.00035477,0,0.00035477,0.000026102
2018-11-04,12.83578294,0.00022556,0,0.00022556,0.000017573
2018-11-05,18.68872972,0.00074679,0,0.00074679,0.000039959
2018-11-06,19.18392815,0.000627,0,0.000627,0.000032684
2018-11-07,20.33841084,0.00070174,0,0.00070174,0.000034503
2018-11-08,20.99890399,0.00150933,0,0.00150933,0.000071877
2018-11-09,22.42896582,0.00142516,0,0.00142516,0.000063541
2018-11-10,16.64920253,0.00102987,0,0.00102987,0.000061857
2018-11-11,14.13978687,0.00132208,0,0.00132208,0.000093501
2018-11-12,19.17199757,0.00057244,0,0.00057244,0.000029858
2018-11-13,18.07251239,0.00050126,0,0.00050126,0.000027736
2018-11-14,25.82337117,0.00204203,0,0.00204203,0.000079077
2018-11-15,38.65118054,0.00326292,0,0.00326292,0.00008442
2018-11-16,36.92729384,0.01556084,0,0.01556084,0.000421391
2018-11-17,21.55099415,0.00728629,0,0.00728629,0.000338095
2018-11-18,18.03746701,0.0015315,0,0.0015315,0.000084907
2018-11-19,39.9694861,0.00570013,0,0.00570013,0.000142612
2018-11-20,69.36765011,0.0067738,0,0.0067738,0.000097651
2018-11-21,49.95016009,0.00527612,0,0.00527612,0.000105628
2018-11-22,39.13421764,0.00283948,0,0.00283948,0.000072557
2018-11-23,36.98433712,0.00244537,0,0.00244537,0.000066119
2018-11-24,31.17997638,0.00150599,0,0.00150599,0.0000483
2018-11-25,32.01112732,0.00405923,0,0.00405923,0.000126807
2018-11-26,38.27901151,0.0054856,0,0.0054856,0.000143306
2018-11-27,37.38312649,0.00136127,0,0.00136127,0.000036414
2018-11-28,38.73742361,0.00336925,0,0.00336925,0.000086977
2018-11-29,45.07238045,0.0030534,0,0.0030534,0.000067744
2018-11-30,40.77812171,0.0040293,0,0.0040293,0.00009881
2018-12-01,31.11731237,0.00534454,0,0.00534454,0.000171755
2018-12-02,23.24535308,0.00354096,0,0.00354096,0.00015233
2018-12-03,31.12664818,0.00220107,0,0.00220107,0.000070713
2018-12-04,31.50009203,0.00270583,0,0.00270583,0.000085899
2018-12-05,26.31110179,0.00220105,0,0.00220105,0.000083655
2018-12-06,28.47570217,0.00208066,0,0.00208066,0.000073068
2018-12-07,31.19535557,0.00104876,0,0.00104876,0.000033619
2018-12-08,19.7523634,0.00176633,0,0.00176633,0.000089424
2018-12-09,16.83358837,0.00141354,0,0.00141354,0.000083971
2018-12-10,22.97283382,0.00155222,0,0.00155222,0.000067568
2018-12-11,23.31901099,0.00158596,0,0.00158596,0.000068011
2018-12-12,22.35779149,0.00181713,0,0.00181713,0.000081275
2018-12-13,22.08826418,0.0017538,0,0.0017538,0.0000794
2018-12-14,25.09538231,0.00174872,0,0.00174872,0.000069683
2018-12-15,18.37318136,0.00127461,0,0.00127461,0.000069373
2018-12-16,14.84875261,0.00113105,0,0.00113105,0.000076171
2018-12-17,20.97551137,0.00215985,0,0.00215985,0.00010297
2018-12-18,26.57834854,0.00374892,0,0.00374892,0.000141052
2018-12-19,32.92958464,0.00460259,0,0.00460259,0.000139771
2018-12-20,27.62806589,0.00332523,0,0.00332523,0.000120357
2018-12-21,30.95900116,0.00380026,0,0.00380026,0.000122751
2018-12-22,18.77646281,0.00221777,0,0.00221777,0.000118114
2018-12-23,15.44952443,0.0002249,0,0.0002249,0.000014557
2018-12-24,23.01715097,0.00145198,0,0.00145198,0.000063083
2018-12-25,18.28673875,0.00135484,0,0.00135484,0.000074089
2018-12-26,16.22660938,0.0007417,0,0.0007417,0.000045709
2018-12-27,16.91659845,0.00069621,0,0.00069621,0.000041155
2018-12-28,17.97068908,0.00066009,0,0.00066009,0.000036731
2018-12-29,15.31251107,0.00046456,0,0.00046456,0.000030339
2018-12-30,13.91108006,0.00053316,0,0.00053316,0.000038326
2018-12-31,15.90842885,0.00038263,0,0.00038263,0.000024052
2019-01-01,11.22870449,0.0002373,0,0.0002373,0.000021133
2019-01-02,18.0404076,0.00121245,0,0.00121245,0.000067207
2019-01-03,19.1678382,0.00150663,0,0.00150663,0.000078602
2019-01-04,19.57925017,0.0008611,0,0.0008611,0.00004398
2019-01-05,12.27107591,0.00044786,0,0.00044786,0.000036497
2019-01-06,16.59508434,0.00097184,0,0.00097184,0.000058562
2019-01-07,23.87585077,0.00116953,0,0.00116953,0.000048984
2019-01-08,20.94683492,0.00158538,0,0.00158538,0.000075686
2019-01-09,24.16978699,0.0018063,0,0.0018063,0.000074734
2019-01-10,25.84515048,0.00276553,0,0.00276553,0.000107004
2019-01-11,24.25918558,0.00275314,0,0.00275314,0.000113489
2019-01-12,17.12273992,0.00138475,0,0.00138475,0.000080872
2019-01-13,14.17709438,0.00115231,0,0.00115231,0.00008128
2019-01-14,19.99425343,0.00936076,0,0.00936076,0.000468173
2019-01-15,21.20358949,0.00191731,0,0.00191731,0.000090424
2019-01-16,25.07927963,0.00558271,0,0.00558271,0.000222602
2019-01-17,23.48759589,0.00198327,0,0.00198327,0.000084439
2019-01-18,20.91797749,0.00107395,0,0.00107395,0.000051341
2019-01-19,17.57732062,0.00121346,0,0.00121346,0.000069036
2019-01-20,14.42266508,0.00077648,0,0.00077648,0.000053837
2019-01-21,19.91907516,0.00087579,0,0.00087579,0.000043967
2019-01-22,20.9003654,0.00165956,0,0.00165956,0.000079403
2019-01-23,22.67278096,0.00101255,0,0.00101255,0.000044659
2019-01-24,22.98899396,0.00266807,0,0.00266807,0.000116059
2019-01-25,24.82339222,0.00184975,0,0.00184975,0.000074516
2019-01-26,19.8801991,0.00233748,0,0.00233748,0.000117578
2019-01-27,15.90784813,0.00090899,0,0.00090899,0.000057141
2019-01-28,24.16321392,0.00132191,0,0.00132191,0.000054708
2019-01-29,23.14980149,0.00266176,0,0.00266176,0.00011498
2019-01-30,21.22346169,0.00239861,0,0.00239861,0.000113017
2019-01-31,29.03627429,0.00309585,0,0.00309585,0.00010662
2019-02-01,33.11076701,0.00194946,0,0.00194946,0.000058877
2019-02-02,18.92618462,0.0013351,0,0.0013351,0.000070542
2019-02-03,14.74322284,0.00136691,0,0.00136691,0.000092714
2019-02-04,17.08811248,0.00075222,0,0.00075222,0.00004402
2019-02-05,17.21081291,0.000888,0,0.000888,0.000051595
2019-02-06,21.79051765,0.00129575,0,0.00129575,0.000059464
2019-02-07,16.74141122,0.00136006,0,0.00136006,0.000081239
2019-02-08,20.91053599,0.00231635,0,0.00231635,0.000110774
2019-02-09,17.75264078,0.00280677,0,0.00280677,0.000158104
2019-02-10,13.62075475,0.00129116,0,0.00129116,0.000094794
2019-02-11,23.13798165,0.00296299,0,0.00296299,0.000128057
2019-02-12,34.31602175,0.00620377,0,0.00620377,0.000180783
2019-02-13,35.63755618,0.00925789,0,0.00925789,0.000259779
2019-02-14,26.180398,0.00746915,0,0.00746915,0.000285296
2019-02-15,26.46547377,0.00537708,0,0.00537708,0.000203173
2019-02-16,22.36572171,0.00546092,0,0.00546092,0.000244165
2019-02-17,19.17235936,0.0053753,0,0.0053753,0.000280367
2019-02-18,29.40410079,0.00398066,0,0.00398066,0.000135378
2019-02-19,36.59295015,0.01075337,0,0.01075337,0.000293865
2019-02-20,37.76184521,0.01710608,0,0.01710608,0.000452999
2019-02-21,34.71560858,0.01834676,0,0.01834676,0.000528487
2019-02-22,39.01280561,0.01388833,0,0.01388833,0.000355994
2019-02-23,25.43940867,0.01155599,0,0.01155599,0.000454255
2019-02-24,29.55542146,0.00974669,0.00007778,0.00982447,0.000332408
2019-02-25,38.85345862,0.010939,0,0.010939,0.000281545
2019-02-26,35.84517142,0.01390237,0,0.01390237,0.000387845
2019-02-27,32.66318415,0.0093275,0,0.0093275,0.000285566
2019-02-28,30.29594178,0.00800142,0.0003347,0.00833612,0.000275156
2019-03-01,30.48611973,0.00655222,0.00010943,0.00666165,0.000218514
2019-03-02,25.32153705,0.00839391,0,0.00839391,0.000331493
2019-03-03,21.38429981,0.0087274,0.00016996,0.00889736,0.00041607
2019-03-04,28.45991569,0.0156387,0,0.0156387,0.000549499
2019-03-05,29.02363002,0.00779311,0,0.00779311,0.000268509
2019-03-06,38.43684345,0.01067769,0.00002997,0.01070766,0.000278578
2019-03-07,38.15885184,0.02563689,0.00018658,0.02582347,0.000676736
2019-03-08,34.53420729,0.02326116,0,0.02326116,0.000673569
2019-03-09,24.54420613,0.01165794,0,0.01165794,0.000474977
2019-03-10,19.08668276,0.00587952,0,0.00587952,0.000308043
2019-03-11,30.82179358,0.02887825,0,0.02887825,0.000936943
2019-03-12,31.50427651,0.0138833,0.00028845,0.01417175,0.000449836
2019-03-13,36.04315035,0.02214691,0,0.02214691,0.000614455
2019-03-14,37.56437664,0.01766995,0,0.01766995,0.000470391
2019-03-15,31.12448995,0.04086082,0,0.04086082,0.001312819
2019-03-16,22.36301366,0.02838854,0.00044947,0.02883801,0.00128954
2019-03-17,16.78071195,0.00508022,0,0.00508022,0.000302742
2019-03-18,22.37480548,0.00351355,0,0.00351355,0.000157032
2019-03-19,22.30871865,0.00421678,0,0.00421678,0.000189019
2019-03-20,27.1997923,0.00618206,0,0.00618206,0.000227283
2019-03-21,35.53040752,0.01114726,0,0.01114726,0.000313739
2019-03-22,27.14701994,0.00517463,0,0.00517463,0.000190615
2019-03-23,17.94886278,0.00245641,0,0.00245641,0.000136856
2019-03-24,15.67630252,0.00194281,0,0.00194281,0.000123933
2019-03-25,29.20096219,0.00361338,0,0.00361338,0.000123742
2019-03-26,36.41495629,0.00533075,0,0.00533075,0.000146389
2019-03-27,48.02051729,0.01264818,0,0.01264818,0.000263391
2019-03-28,47.81690988,0.01217777,0,0.01217777,0.000254675
2019-03-29,63.48208552,0.01309953,0,0.01309953,0.00020635
2019-03-30,54.67372903,0.01507579,0,0.01507579,0.000275741
2019-03-31,44.61425508,0.01266675,0,0.01266675,0.000283917
2019-04-01,61.8467373,0.01130097,0,0.01130097,0.000182725
2019-04-02,114.48978878,0.02209462,0,0.02209462,0.000192983
2019-04-03,142.10298824,0.03876401,0,0.03876401,0.000272788
2019-04-04,154.4635303,0.04188619,0,0.04188619,0.000271172
2019-04-05,114.82307281,0.04912892,0,0.04912892,0.000427866
2019-04-06,80.84759712,0.02932129,0,0.02932129,0.000362674
2019-04-07,85.51644481,0.0331401,0,0.0331401,0.000387529
2019-04-08,130.54444043,0.03245575,0,0.03245575,0.000248618
2019-04-09,114.92556114,0.03350811,0,0.03350811,0.000291564
2019-04-10,111.78539463,0.03261625,0,0.03261625,0.000291776
2019-04-11,115.28509796,0.03403163,0,0.03403163,0.000295195
2019-04-12,100.56571481,0.0289318,0,0.0289318,0.00028769
2019-04-13,66.22119369,0.02168844,0.00043323,0.02212167,0.000334057
2019-04-14,57.42373876,0.01774536,0.00767712,0.02542248,0.000442717
2019-04-15,78.96972247,0.01848838,0.00759748,0.02608586,0.000330327
2019-04-16,76.56869368,0.01873749,0.01256228,0.03129977,0.00040878
2019-04-17,77.14980905,0.02138427,0.01151601,0.03290028,0.000426447
2019-04-18,72.4195866,0.02072124,0.01064265,0.03136389,0.000433086
2019-04-19,78.43301725,0.01974617,0.00764661,0.02739278,0.000349251
2019-04-20,58.09103814,0.02214328,0.00798409,0.03012737,0.000518623
2019-04-21,50.31279868,0.01895019,0.01228572,0.03123591,0.000620834
2019-04-22,70.12693315,0.01546591,0.01699154,0.03245745,0.000462839
2019-04-23,96.48121035,0.02705031,0.01894353,0.04599384,0.000476713
2019-04-24,130.67492641,0.03840464,0.01383095,0.05223559,0.000399737
2019-04-25,94.30087588,0.04061533,0.01600945,0.05662478,0.000600469
2019-04-26,91.44744899,0.03021787,0.01087794,0.04109581,0.000449393
2019-04-27,54.42092725,0.01813706,0.00866053,0.02679759,0.000492413
2019-04-28,47.95393039,0.01245689,0.00625289,0.01870978,0.000390162
2019-04-29,70.95469952,0.01217813,0.02380288,0.03598101,0.000507098
2019-04-30,85.48463465,0.28745466,0.03691894,0.3243736,0.003794525
2019-05-01,65.62521893,0.04481061,0.01258574,0.05739635,0.000874608
2019-05-02,64.71081505,0.02509368,0.02913207,0.05422575,0.00083797
2019-05-03,81.27225085,0.02309679,0.01423932,0.03733611,0.000459396
2019-05-04,60.62915441,0.02596198,0.04324251,0.06920449,0.001141439
2019-05-05,62.87230397,0.01704469,0.01137416,0.02841885,0.000452009
2019-05-06,76.31168717,0.01766863,0.01507127,0.0327399,0.000429029
2019-05-07,92.31932906,0.02358023,0.01420583,0.03778606,0.000409297
2019-05-08,112.30765219,0.03372914,0.02562703,0.05935617,0.000528514
2019-05-09,106.95654809,0.04751154,0.05133754,0.09884908,0.000924198
2019-05-10,123.74361638,0.03876677,0.0240977,0.06286447,0.000508022
2019-05-11,125.12338209,0.02279533,0.07920476,0.10200009,0.000815196
2019-05-12,104.08015488,0.02149692,0.03159571,0.05309263,0.000510113
2019-05-13,112.20050336,0.02358472,0.10385194,0.12743666,0.001135794
2019-05-14,132.68789564,0.01985529,0.01286582,0.03272111,0.000246602
2019-05-15,192.3590738,0.04261181,0.02287098,0.06548279,0.00034042
2019-05-16,228.51579452,0.04730003,0.04493833,0.09223836,0.000403641
2019-05-17,227.26659937,0.05110004,0.02429321,0.07539325,0.000331739
2019-05-18,134.78731749,0.03701311,0.0330493,0.07006241,0.0005198
2019-05-19,125.66729304,0.03436422,0.02794503,0.06230925,0.000495827
2019-05-20,186.09991132,0.04215148,0.17166708,0.21381856,0.001148945
2019-05-21,202.4814146,0.05402418,0.02845481,0.08247899,0.000407341
2019-05-22,176.73831345,0.04666401,0.02459955,0.07126356,0.000403215
2019-05-23,163.9629164,0.03088011,0.02921787,0.06009798,0.000366534
2019-05-24,191.88316682,0.03786016,0.03016392,0.06802408,0.000354508
2019-05-25,128.11880175,0.02529236,0.015424,0.04071636,0.000317802
2019-05-26,95.88613898,0.02080422,0.02982124,0.05062546,0.000527975
2019-05-27,189.31338885,0.03273316,0.03097652,0.06370968,0.00033653
2019-05-28,192.95031406,0.06457808,0.10997688,0.17455496,0.000904663
2019-05-29,187.08362645,0.04715759,0.09360302,0.14076061,0.000752394
2019-05-30,188.20649317,0.02713442,0.01277662,0.03991104,0.00021206
2019-05-31,205.0372363,0.047938,0.01938433,0.06732233,0.000328342
2019-06-01,159.42190914,0.04463763,0.02705215,0.07168978,0.000449686
2019-06-02,118.4455402,0.03660902,0.04034055,0.07694957,0.000649662
2019-06-03,198.99326951,0.05392501,0.03759441,0.09151942,0.000459912
2019-06-04,217.91296317,0.04648879,0.03069733,0.07718612,0.000354206
2019-06-05,159.42665516,0.07163636,0.19757327,0.26920963,0.001688611
2019-06-06,122.18994068,0.01864251,0.01967867,0.03832118,0.00031362
2019-06-07,106.492469,0.03751394,0.03208886,0.0696028,0.000653594
2019-06-08,73.36472651,0.01667237,0.01467183,0.0313442,0.000427238
2019-06-09,62.99063806,0.01265039,0.03200704,0.04465743,0.000708953
2019-06-10,101.83001618,0.01770819,0.02470572,0.04241391,0.000416517
2019-06-11,110.58719487,0.02026413,0.01752271,0.03778684,0.000341693
2019-06-12,108.86976113,0.02827105,0.03360275,0.0618738,0.000568329
2019-06-13,109.4551359,0.01639119,0.00901394,0.02540513,0.000232105
2019-06-14,117.94954717,0.01295203,0.01342345,0.02637548,0.000223617
2019-06-15,78.70156593,0.01392712,0.01572391,0.02965103,0.000376753
2019-06-16,74.36012488,0.01378913,0.01006642,0.02385555,0.000320811
2019-06-17,117.79979394,0.01221875,0.04002971,0.05224846,0.000443536
2019-06-18,116.53825829,0.02047323,0.01258327,0.0330565,0.000283654
2019-06-19,105.75494722,0.02808826,0.01950468,0.04759294,0.00045003
2019-06-20,111.81603852,0.01170484,0.0129218,0.02462664,0.000220242
2019-06-21,126.23246862,0.01623831,0.01472108,0.03095939,0.000245257
2019-06-22,122.47914731,0.00966609,0.0204793,0.03014539,0.000246127
2019-06-23,81.23531107,0.0133134,0.01475813,0.02807153,0.000345558
2019-06-24,102.09827261,0.01630336,0.0223511,0.03865446,0.000378601
2019-06-25,121.10744515,0.03319348,0.02006091,0.05325439,0.000439728
2019-06-26,184.06503874,0.02303755,0.01882297,0.04186052,0.000227422
2019-06-27,200.10125128,0.01608037,0.03142635,0.04750672,0.000237413
2019-06-28,182.26443511,0.02391232,0.03313457,0.05704689,0.00031299
2019-06-29,108.7659755,0.02448184,0.02902139,0.05350323,0.000491911
2019-06-30,104.91860437,0.00915034,0.0193934,0.02854374,0.000272056
2019-07-01,126.93823662,0.01801349,0.01247425,0.03048774,0.000240178
2019-07-02,117.88960184,0.01349669,0.0313854,0.04488209,0.000380713
2019-07-03,94.74754649,0.00896013,0.01786722,0.02682735,0.000283146
2019-07-04,83.84208402,0.01726291,0.02398785,0.04125076,0.000492005
2019-07-05,75.89684282,0.01116585,0.00623714,0.01740299,0.000229298
2019-07-06,50.61747346,0.00556702,0.01325969,0.01882671,0.000371941
2019-07-07,45.61655545,0.00619908,0.00746016,0.01365924,0.000299436
2019-07-08,67.46056127,0.01124116,0.01010044,0.0213416,0.000316357
2019-07-09,71.27502267,0.01606354,0.01508142,0.03114496,0.000436969
2019-07-10,85.64297124,0.01410611,0.01337913,0.02748524,0.000320928
2019-07-11,79.3666746,0.0155126,0.15904019,0.17455279,0.002199321
2019-07-12,67.42668665,0.00979486,0.01610745,0.02590231,0.000384155
2019-07-13,44.38220922,0.00907244,0.00665881,0.01573125,0.000354449
2019-07-14,40.72985688,0.00488724,0.01381406,0.0187013,0.000459155
2019-07-15,63.9174649,0.0107718,0.00742717,0.01819897,0.000284726
2019-07-16,62.69846283,0.02150932,0.1075292,0.12903852,0.002058081
2019-07-17,64.50187448,0.00854568,0.00759514,0.01614082,0.000250238
2019-07-18,72.10541604,0.01613736,0.00800421,0.02414157,0.000334809
2019-07-19,71.10278562,0.00888259,0.00788308,0.01676567,0.000235795
2019-07-20,50.04991704,0.01835634,0.0271647,0.04552104,0.000909513
2019-07-21,37.55119006,0.01143923,0.01114055,0.02257978,0.000601307
2019-07-22,53.88043597,0.00696089,0.0071489,0.01410979,0.000261872
2019-07-23,51.72742398,0.00827973,0.0070259,0.01530563,0.00029589
2019-07-24,49.90886061,0.00498752,0.02734869,0.03233621,0.000647905
2019-07-25,56.16150579,0.00648991,0.01006201,0.01655192,0.00029472
2019-07-26,46.51899261,0.0042954,0.0070713,0.0113667,0.000244345
2019-07-27,33.04147241,0.00231072,0.00482127,0.00713199,0.00021585
2019-07-28,26.46571352,0.00364836,0.00361752,0.00726588,0.000274539
2019-07-29,39.74585484,0.00309117,0.00449079,0.00758196,0.000190761
2019-07-30,60.22741784,0.00488069,0.00657872,0.01145941,0.000190269
2019-07-31,53.61582214,0.01083406,0.0318963,0.04273036,0.000796973
2019-08-01,46.73246753,0.01159382,0.00811501,0.01970883,0.000421737
2019-08-02,44.68839341,0.00596532,0.00418328,0.0101486,0.000227097
2019-08-03,27.47791508,0.00246083,0.00427215,0.00673298,0.000245032
2019-08-04,19.72213176,0.0007194,0.0022343,0.0029537,0.000149766
2019-08-05,42.2581814,0.00447399,0.00268114,0.00715513,0.000169319
2019-08-06,45.80524692,0.00646676,0.00975044,0.0162172,0.000354047
2019-08-07,70.8269651,0.00493947,0.0057877,0.01072717,0.000151456
2019-08-08,70.35974254,0.01214084,0.00857418,0.02071502,0.000294416
2019-08-09,65.33402972,0.00986317,0.00775739,0.01762056,0.0002697
2019-08-10,39.69033865,0.00593842,0.00836354,0.01430196,0.000360339
2019-08-11,30.3457089,0.00317362,0.0065256,0.00969922,0.000319624
2019-08-12,50.54359801,0.00425707,0.01310704,0.01736411,0.000343547
2019-08-13,75.09047834,0.0095224,0.00567867,0.01520107,0.000202437
2019-08-14,58.70170397,0.01033103,0.00981377,0.0201448,0.000343172
2019-08-15,53.84796972,0.00530897,0.00369231,0.00900128,0.000167161
2019-08-16,51.3352604,0.00551446,0.00534447,0.01085893,0.00021153
2019-08-17,35.38250195,0.00392878,0.0016425,0.00557128,0.000157459
2019-08-18,29.17234292,0.00315331,0.00600127,0.00915458,0.00031381
2019-08-19,41.66948045,0.005568,0.00920094,0.01476894,0.000354431
2019-08-20,46.69008955,0.00358318,0.00692225,0.01050543,0.000225003
2019-08-21,52.22587338,0.01235497,0.00297625,0.01533122,0.000293556
2019-08-22,53.99879943,0.00575083,0.00533344,0.01108427,0.000205269
2019-08-23,41.47394501,0.01214742,0.00592874,0.01807616,0.000435844
2019-08-24,30.09100724,0.00318821,0.00403161,0.00721982,0.000239933
2019-08-25,21.57904241,0.00203353,0.01012322,0.01215675,0.000563359
2019-08-26,33.17030815,0.00183566,0.0031038,0.00493946,0.000148912
2019-08-27,33.98335977,0.00342851,0.00277786,0.00620637,0.00018263
2019-08-28,33.87031855,0.00316465,0.00823503,0.01139968,0.000336568
2019-08-29,33.917443,0.00361055,0.00573362,0.00934417,0.000275497
2019-08-30,34.46053373,0.00421387,0.00923738,0.01345125,0.000390338
2019-08-31,24.03741901,0.00273319,0.00682899,0.00956218,0.000397804
2019-09-01,20.06226895,0.00131206,0.00280383,0.00411589,0.000205156
2019-09-02,28.76124703,0.00289169,0.0284821,0.03137379,0.001090836
2019-09-03,38.97833529,0.00570339,0.00571536,0.01141875,0.000292951
2019-09-04,37.34474772,0.0126099,0.00598739,0.01859729,0.000497989
2019-09-05,36.69293406,0.00412546,0.01442385,0.01854931,0.000505528
2019-09-06,37.39638382,0.01885493,0.00437369,0.02322862,0.000621146
2019-09-07,26.71813665,0.00373764,0.00336709,0.00710473,0.000265914
2019-09-08,21.74727421,0.002594,0.00272768,0.00532168,0.000244706
2019-09-09,32.71159075,0.00205831,0.00383643,0.00589474,0.000180203
2019-09-10,37.34868133,0.00416504,0.01259847,0.01676351,0.000448838
2019-09-11,34.77775666,0.00306469,0.01317347,0.01623816,0.000466912
2019-09-12,29.51206759,0.00332359,0.0049341,0.00825769,0.000279807
2019-09-13,27.54043167,0.00247952,0.00442679,0.00690631,0.00025077
2019-09-14,21.0247188,0.00273888,0.00460884,0.00734772,0.00034948
2019-09-15,18.2430038,0.00084091,0.00548756,0.00632847,0.000346898
2019-09-16,29.25867219,0.00164041,0.00291303,0.00455344,0.000155627
2019-09-17,34.64137449,0.00684337,0.00381234,0.01065571,0.000307601
2019-09-18,34.12588668,0.00190977,0.00303908,0.00494885,0.000145017
2019-09-19,36.54501485,0.00482253,0.00497958,0.00980211,0.00026822
2019-09-20,32.03804814,0.00534382,0.00315608,0.0084999,0.000265306
2019-09-21,23.40048063,0.00385604,0.00594689,0.00980293,0.00041892
2019-09-22,20.52728871,0.00144301,0.00325007,0.00469308,0.000228626
2019-09-23,32.19540269,0.00251476,0.00314844,0.0056632,0.000175901
2019-09-24,38.46150022,0.00589781,0.00308213,0.00897994,0.000233479
2019-09-25,42.82475804,0.00416247,0.00489298,0.00905545,0.000211454
2019-09-26,32.64172934,0.00216381,0.00433081,0.00649462,0.000198967
2019-09-27,34.26327785,0.00188346,0.00253441,0.00441787,0.000128939
2019-09-28,23.16487157,0.00414869,0.03090934,0.03505803,0.001513414
2019-09-29,21.00156166,0.0019229,0.00568023,0.00760313,0.000362027
2019-09-30,41.0132903,0.00446425,0.00992917,0.01439342,0.000350945
2019-10-01,48.26497357,0.00401909,0.00557886,0.00959795,0.00019886
2019-10-02,37.20021491,0.00840158,0.01030901,0.01871059,0.00050297
2019-10-03,37.88399226,0.00837506,0.00568914,0.0140642,0.000371244
2019-10-04,27.80367596,0.00483923,0.00571098,0.01055021,0.000379454
2019-10-05,19.14811395,0.00071743,0.0020558,0.00277323,0.00014483
2019-10-06,16.49098962,0.00053582,0.00487747,0.00541329,0.000328257
2019-10-07,24.7041595,0.00128404,0.00105301,0.00233705,0.000094601
2019-10-08,27.65920023,0.00209546,0.00227438,0.00436984,0.000157989
2019-10-09,30.36615188,0.00189568,0.00206878,0.00396446,0.000130555
2019-10-10,33.46657648,0.00529092,0.00388058,0.0091715,0.00027405
2019-10-11,27.83013723,0.00181248,0.00243084,0.00424332,0.000152472
2019-10-12,20.76242438,0.00141495,0.0023324,0.00374735,0.000180487
2019-10-13,16.18085575,0.00070953,0.00452792,0.00523745,0.000323682
2019-10-14,23.82030921,0.00280679,0.00237784,0.00518463,0.000217656
2019-10-15,25.89458072,0.00250383,0.00290687,0.0054107,0.000208951
2019-10-16,29.13647841,0.00194732,0.0094706,0.01141792,0.000391877
2019-10-17,25.40381954,0.00321832,0.00556112,0.00877944,0.000345595
2019-10-18,24.94346328,0.00550351,0.00401624,0.00951975,0.000381653
2019-10-19,18.30723571,0.00282402,0.00169175,0.00451577,0.000246666
2019-10-20,15.84344804,0.00102184,0.00104696,0.0020688,0.000130578
2019-10-21,20.63255238,0.00044144,0.00210741,0.00254885,0.000123535
2019-10-22,22.21592037,0.00178962,0.00223641,0.00402603,0.000181223
2019-10-23,31.07041069,0.00293273,0.00471738,0.00765011,0.000246219
2019-10-24,28.9599249,0.00173174,0.00410989,0.00584163,0.000201714
2019-10-25,36.08670023,0.00218068,0.00270384,0.00488452,0.000135355
2019-10-26,47.8563533,0.00328092,0.00484182,0.00812274,0.000169732
2019-10-27,33.97050101,0.00520339,0.00571795,0.01092134,0.000321495
2019-10-28,37.98415405,0.00314762,0.00418295,0.00733057,0.00019299
2019-10-29,35.47022733,0.00373362,0.00637423,0.01010785,0.000284967
2019-10-30,33.65141019,0.00299821,0.00432912,0.00732733,0.000217742
2019-10-31,35.46517509,0.0024403,0.00354358,0.00598388,0.000168726
2019-11-01,40.18774408,0.00587211,0.00584062,0.01171273,0.00029145
2019-11-02,27.69024942,0.00338129,0.00354723,0.00692852,0.000250215
2019-11-03,26.0661656,0.00299738,0.0040026,0.00699998,0.000268547
2019-11-04,48.28785176,0.00286605,0.00283167,0.00569772,0.000117995
2019-11-05,43.73232482,0.00307433,0.01162604,0.01470037,0.000336144
2019-11-06,38.66539842,0.0042731,0.01263496,0.01690806,0.000437292
2019-11-07,39.73640604,0.00308779,0.00457976,0.00766755,0.00019296
2019-11-08,40.88879104,0.0056552,0.00496093,0.01061613,0.000259634
2019-11-09,29.44260954,0.00553571,0.00735718,0.01289289,0.000437899
2019-11-10,23.86642196,0.00221852,0.00643336,0.00865188,0.000362513
2019-11-11,29.56238739,0.0017072,0.00223859,0.00394579,0.000133473
2019-11-12,28.65525709,0.00103443,0.00155757,0.002592,0.000090455
2019-11-13,34.31516352,0.00198423,0.00637617,0.0083604,0.000243636
2019-11-14,29.64079727,0.00388625,0.01060523,0.01449148,0.000488903
2019-11-15,29.64859081,0.00294314,0.00235677,0.00529991,0.000178758
2019-11-16,22.93336843,0.00159998,0.00279873,0.00439871,0.000191804
2019-11-17,21.08122965,0.00235608,0.00112226,0.00347834,0.000164997
2019-11-18,27.82718296,0.00133429,0.00203044,0.00336473,0.000120915
2019-11-19,34.36839889,0.00576349,0.00246366,0.00822715,0.000239381
2019-11-20,27.36373955,0.00300853,0.00207615,0.00508468,0.000185818
2019-11-21,36.85944226,0.00467308,0.00628847,0.01096155,0.000297388
2019-11-22,40.02095823,0.0027518,0.00539765,0.00814945,0.00020363
2019-11-23,21.5480276,0.00170076,0.00449724,0.006198,0.000287637
2019-11-24,17.0147224,0.00150785,0.01269112,0.01419897,0.000834511
2019-11-25,32.18493307,0.00301762,0.00252325,0.00554087,0.000172157
2019-11-26,39.86894065,0.00480356,0.00370916,0.00851272,0.000213518
2019-11-27,33.86031284,0.00482879,0.00348741,0.0083162,0.000245603
2019-11-28,26.17198877,0.00189366,0.00317569,0.00506935,0.000193694
2019-11-29,32.70649438,0.00290851,0.00904032,0.01194883,0.000365335
2019-11-30,27.23029381,0.00397048,0.00306361,0.00703409,0.000258319
2019-12-01,21.90876399,0.0018765,0.00318871,0.00506521,0.000231196
2019-12-02,26.09108998,0.00266478,0.0015821,0.00424688,0.000162771
2019-12-03,25.47734062,0.00457104,0.00360518,0.00817622,0.000320921
2019-12-04,29.54553925,0.00231082,0.0036625,0.00597332,0.000202173
2019-12-05,23.24165709,0.00124297,0.00555086,0.00679383,0.000292313
2019-12-06,25.03292648,0.00194114,0.00101004,0.00295118,0.000117892
2019-12-07,18.05659965,0.00139162,0.00178908,0.0031807,0.000176152
2019-12-08,14.5034802,0.00095179,0.00419875,0.00515054,0.000355124
2019-12-09,21.82070486,0.00175064,0.00126794,0.00301858,0.000138336
2019-12-10,23.22218997,0.0029929,0.00490527,0.00789817,0.000340113
2019-12-11,24.60426083,0.00144421,0.00089742,0.00234163,0.000095172
2019-12-12,22.56385567,0.00195914,0.00204153,0.00400067,0.000177304
2019-12-13,22.4711631,0.00197487,0.00147278,0.00344765,0.000153426
2019-12-14,15.36404462,0.00084434,0.00155828,0.00240262,0.000156379
2019-12-15,20.4478166,0.00304868,0.02152398,0.02457266,0.001201725
2019-12-16,22.16325645,0.00236004,0.00181882,0.00417886,0.000188549
2019-12-17,22.92717755,0.00120065,0.00116441,0.00236506,0.000103155
2019-12-18,27.48314294,0.00308204,0.00224553,0.00532757,0.000193849
2019-12-19,28.71547007,0.00216861,0.00227386,0.00444247,0.000154707
2019-12-20,25.47719556,0.00167089,0.00216281,0.0038337,0.000150476
2019-12-21,16.60936724,0.00108529,0.00140872,0.00249401,0.000150157
2019-12-22,12.80407837,0.00109312,0.00283838,0.0039315,0.000307051
2019-12-23,18.87107421,0.00089615,0.00092104,0.00181719,0.000096295
2019-12-24,17.60848203,0.00136649,0.00094124,0.00230773,0.000131058
2019-12-25,13.13196764,0.00317698,0.00103976,0.00421674,0.000321105
2019-12-26,18.91209694,0.00053829,0.00077897,0.00131726,0.000069652
2019-12-27,17.11633792,0.00077306,0.00166913,0.00244219,0.000142682
2019-12-28,13.80390964,0.00063947,0.00148933,0.0021288,0.000154217
2019-12-29,12.6092473,0.00070596,0.00078256,0.00148852,0.00011805
2019-12-30,15.90283263,0.00105978,0.00152741,0.00258719,0.000162687
2019-12-31,14.84211896,0.00079878,0.00102261,0.00182139,0.000122718
2020-01-01,9.97099973,0.00027838,0.00110524,0.00138362,0.000138764
2020-01-02,13.78084459,0.00056514,0.00067259,0.00123773,0.000089815
2020-01-03,16.38979535,0.00100038,0.00100028,0.00200066,0.000122067
2020-01-04,12.31216518,0.00049447,0.00060651,0.00110098,0.000089422
2020-01-05,11.88711242,0.00048096,0.00108027,0.00156123,0.000131338
2020-01-06,20.49312376,0.00087606,0.00102327,0.00189933,0.000092681
2020-01-07,25.56190656,0.00149295,0.00261941,0.00411236,0.000160878
2020-01-08,30.83081053,0.00241717,0.00234592,0.00476309,0.000154491
2020-01-09,29.78119837,0.00377264,0.00244303,0.00621567,0.000208711
2020-01-10,32.5651343,0.00267976,0.00186996,0.00454972,0.000139711
2020-01-11,18.38352814,0.00131427,0.00218028,0.00349455,0.000190091
2020-01-12,14.53164303,0.00104277,0.00091188,0.00195465,0.00013451
2020-01-13,17.63102526,0.0012549,0.00368413,0.00493903,0.000280133
2020-01-14,26.221577,0.0017796,0.00224331,0.00402291,0.00015342
2020-01-15,31.35812937,0.00319947,0.00308433,0.0062838,0.000200388
2020-01-16,23.85247351,0.00283188,0.00253476,0.00536664,0.000224993
2020-01-17,24.29323765,0.0016931,0.00192955,0.00362265,0.000149122
2020-01-18,17.76555017,0.0014639,0.00212878,0.00359268,0.000202227
2020-01-19,16.5175935,0.0024087,0.00343085,0.00583955,0.000353535
2020-01-20,17.74334005,0.00212257,0.00522053,0.0073431,0.000413851
2020-01-21,20.51905021,0.00224829,0.00201128,0.00425957,0.000207591
2020-01-22,21.67952284,0.00246401,0.00247313,0.00493714,0.000227733
2020-01-23,21.03754657,0.00136754,0.00148021,0.00284775,0.000135365
2020-01-24,16.10082373,0.00179775,0.00283866,0.00463641,0.000287961
2020-01-25,11.39326294,0.00088501,0.00100144,0.00188645,0.000165576
2020-01-26,10.57299079,0.00095104,0.00284416,0.0037952,0.000358952
2020-01-27,19.78717492,0.00129297,0.00091086,0.00220383,0.000111377
2020-01-28,22.98737848,0.00260562,0.00337325,0.00597887,0.000260094
2020-01-29,20.42515898,0.00115931,0.00201673,0.00317604,0.000155496
2020-01-30,19.64580869,0.0017226,0.00268918,0.00441178,0.000224566
2020-01-31,22.53135857,0.00240029,0.00578356,0.00818385,0.00036322
2020-02-01,17.4815999,0.00254541,0.00338027,0.00592568,0.000338967
2020-02-02,16.94878932,0.0030725,0.00264903,0.00572153,0.000337578
2020-02-03,21.53312454,0.00158604,0.00293061,0.00451665,0.000209754
2020-02-04,23.74587464,0.00335956,0.00464024,0.0079998,0.000336892
2020-02-05,25.44140813,0.00568159,0.00649015,0.01217174,0.000478422
2020-02-06,27.10635364,0.00491453,0.00460388,0.00951841,0.000351151
2020-02-07,31.51759356,0.00724676,0.00413773,0.01138449,0.000361211
2020-02-08,21.33690612,0.00683339,0.00389218,0.01072557,0.000502677
2020-02-09,19.8217869,0.00387154,0.004102,0.00797354,0.000402261
2020-02-10,27.58066679,0.00153083,0.00545403,0.00698486,0.000253252
2020-02-11,34.77248558,0.01274488,0.01446344,0.02720832,0.000782467
2020-02-12,37.39850183,0.00686096,0.01125048,0.01811144,0.000484283
2020-02-13,35.47858608,0.0095694,0.0043817,0.0139511,0.000393226
2020-02-14,32.17258486,0.00617076,0.00542101,0.01159177,0.0003603
2020-02-15,28.54821404,0.01045045,0.00361126,0.01406171,0.00049256
2020-02-16,21.59936997,0.00639846,0.00608195,0.01248041,0.000577814
2020-02-17,25.29770103,0.00318895,0.00263906,0.00582801,0.000230377
2020-02-18,30.12812537,0.0032708,0.00284265,0.00611345,0.000202915
2020-02-19,31.4285617,0.00297618,0.00217714,0.00515332,0.000163969
2020-02-20,27.79666259,0.00181675,0.00226523,0.00408198,0.000146851
2020-02-21,23.54449483,0.00226744,0.00367386,0.0059413,0.000252343
2020-02-22,18.32436669,0.00215594,0.00312266,0.0052786,0.000288065
2020-02-23,16.62073804,0.00181162,0.00190334,0.00371496,0.000223514
2020-02-24,22.9242627,0.00371852,0.00169275,0.00541127,0.00023605
2020-02-25,24.54482939,0.00268143,0.00613602,0.00881745,0.000359239
2020-02-26,29.29911468,0.00297174,0.00308426,0.006056,0.000206696
2020-02-27,26.95964399,0.00412509,0.00389004,0.00801513,0.000297301
2020-02-28,26.28258744,0.00293799,0.00256632,0.00550431,0.000209428
2020-02-29,18.50395585,0.00157761,0.00333665,0.00491426,0.000265579
2020-03-01,14.44661165,0.00241522,0.00169096,0.00410618,0.000284231
2020-03-02,22.93901727,0.00246855,0.00498896,0.00745751,0.000325102
2020-03-03,24.71643759,0.00580674,0.00260156,0.0084083,0.000340191
2020-03-04,24.25737051,0.00641881,0.00349959,0.0099184,0.000408882
2020-03-05,24.37165686,0.00278189,0.0027923,0.00557419,0.000228716
2020-03-06,26.63263902,0.0022412,0.00394675,0.00618795,0.000232345
2020-03-07,18.53853474,0.00144584,0.00614644,0.00759228,0.00040954
2020-03-08,16.14238732,0.00112382,0.00133337,0.00245719,0.00015222
2020-03-09,25.61204951,0.00173534,0.00113427,0.00286961,0.000112041
2020-03-10,27.9412801,0.00422088,0.00502843,0.00924931,0.000331027
2020-03-11,29.56150425,0.00300029,0.00303015,0.00603044,0.000203996
2020-03-12,59.16829292,0.00363041,0.00415475,0.00778516,0.000131577
2020-03-13,84.31311198,0.01126347,0.00706623,0.0183297,0.0002174
2020-03-14,52.86649863,0.0128948,0.01025707,0.02315187,0.000437931
2020-03-15,44.30830399,0.01072782,0.00521753,0.01594535,0.000359873
2020-03-16,61.56626918,0.00846144,0.02062802,0.02908946,0.00047249
2020-03-17,62.25196409,0.00748974,0.00846528,0.01595502,0.000256297
2020-03-18,58.77164193,0.01718841,0.00687657,0.02406498,0.000409466
2020-03-19,68.45700527,0.00510263,0.00855532,0.01365795,0.000199511
2020-03-20,79.98994299,0.02059209,0.00490314,0.02549523,0.00031873
2020-03-21,47.08077798,0.01654447,0.00857042,0.02511489,0.000533443
2020-03-22,33.34176341,0.00811604,0.01157978,0.01969582,0.000590725
2020-03-23,51.42451024,0.01033467,0.00476471,0.01509938,0.000293622
2020-03-24,44.74357832,0.0050611,0.00613915,0.01120025,0.000250321
2020-03-25,45.40177404,0.00485636,0.00399739,0.00885375,0.000195009
2020-03-26,55.05597495,0.00852022,0.00132317,0.00984339,0.000178789
2020-03-27,41.578544,0.00597322,0.00893717,0.01491039,0.000358608
2020-03-28,28.81999627,0.00551512,0.00568532,0.01120044,0.000388634
2020-03-29,21.0619088,0.00551337,0.00505966,0.01057303,0.000501998
2020-03-30,26.24289384,0.00175348,0.00240246,0.00415594,0.000158364
2020-03-31,29.06116194,0.0019531,0.00201066,0.00396376,0.000136394
2020-04-01,26.74327122,0.00256529,0.00147732,0.00404261,0.000151164
2020-04-02,25.01439071,0.00162663,0.00198122,0.00360785,0.000144231
2020-04-03,25.82618528,0.00189929,0.00231687,0.00421616,0.000163251
2020-04-04,16.67009774,0.00151957,0.00116461,0.00268418,0.000161018
2020-04-05,13.64940917,0.00086135,0.00166998,0.00253133,0.000185453
2020-04-06,20.99212028,0.00086001,0.00140161,0.00226162,0.000107737
2020-04-07,25.32409774,0.00317493,0.00321258,0.00638751,0.000252231
2020-04-08,22.6627845,0.00222393,0.00190232,0.00412625,0.000182072
2020-04-09,23.29595386,0.00160171,0.00368886,0.00529057,0.000227103
2020-04-10,20.78686915,0.0014642,0.00177166,0.00323586,0.000155668
2020-04-11,13.75253175,0.00179256,0.00111236,0.00290492,0.000211228
2020-04-12,12.86445785,0.00136104,0.00113143,0.00249247,0.000193749
2020-04-13,16.74379536,0.00102553,0.00279339,0.00381892,0.00022808
2020-04-14,22.46964436,0.00107798,0.00241033,0.00348831,0.000155245
2020-04-15,26.54420742,0.00360516,0.0026929,0.00629806,0.000237267
2020-04-16,28.64066108,0.00372498,0.00275249,0.00647747,0.000226163
2020-04-17,25.54078133,0.00297117,0.00201197,0.00498314,0.000195105
2020-04-18,19.2635742,0.00327749,0.00347423,0.00675172,0.000350492
2020-04-19,15.56965781,0.00410546,0.00180652,0.00591198,0.000379712
2020-04-20,21.97670283,0.00145808,0.00190132,0.0033594,0.000152862
2020-04-21,23.37622201,0.00198415,0.0030796,0.00506375,0.00021662
2020-04-22,25.3733028,0.0036901,0.00754992,0.01124002,0.000442986
2020-04-23,41.12345331,0.00370098,0.00408895,0.00778993,0.000189428
2020-04-24,37.06157042,0.00353283,0.00252782,0.00606065,0.000163529
2020-04-25,27.81417372,0.00362122,0.00449907,0.00812029,0.000291948
2020-04-26,20.75041249,0.00322084,0.00525378,0.00847462,0.000408407
2020-04-27,28.0798915,0.00977964,0.00402573,0.01380537,0.000491646
2020-04-28,27.79591192,0.00497548,0.00480763,0.00978311,0.000351962
2020-04-29,51.72660237,0.00257987,0.00524928,0.00782915,0.000151356
2020-04-30,106.67585999,0.01831713,0.0083833,0.02670043,0.000250295
2020-05-01,110.19665812,0.01840568,0.01847619,0.03688187,0.000334691
2020-05-02,68.24207768,0.01243823,0.02958324,0.04202147,0.000615771
2020-05-03,57.28031251,0.01602336,0.02248269,0.03850605,0.000672239
2020-05-04,67.05887239,0.01238075,0.02372567,0.03610642,0.000538429
2020-05-05,71.89874272,0.00764184,0.00616512,0.01380696,0.000192033
2020-05-06,68.53849328,0.00831475,0.00734185,0.0156566,0.000228435
2020-05-07,88.31823092,0.00766119,0.006789,0.01445019,0.000163615
2020-05-08,104.101785,0.01648154,0.0123085,0.02879004,0.000276557
2020-05-09,87.06031277,0.01644382,0.01705694,0.03350076,0.000384799
2020-05-10,63.27358086,0.02029079,0.02859767,0.04888846,0.000772652
2020-05-11,88.60442418,0.00997691,0.01134993,0.02132684,0.000240697
2020-05-12,109.81191323,0.01536217,0.01525667,0.03061884,0.00027883
2020-05-13,108.86188214,0.01395536,0.01550063,0.02945599,0.000270581
2020-05-14,145.59263376,0.01095054,0.04049452,0.05144506,0.000353349
2020-05-15,161.77900478,0.02585372,0.03334157,0.05919529,0.000365902
2020-05-16,108.31654619,0.01782359,0.02347045,0.04129404,0.000381235
2020-05-17,100.65014834,0.02159635,0.01544248,0.03703883,0.000367996
2020-05-18,163.90960993,0.02411073,0.04438543,0.06849616,0.00041789
2020-05-19,182.34876244,0.02598774,0.01740117,0.04338891,0.000237945
2020-05-20,192.28599464,0.01848449,0.01365608,0.03214057,0.00016715
2020-05-21,201.49979488,0.02336484,0.05204071,0.07540555,0.000374221
2020-05-22,158.63953474,0.02799619,0.00728396,0.03528015,0.000222392
2020-05-23,108.03281588,0.01298596,0.01577951,0.02876547,0.000266266
2020-05-24,73.43623594,0.01880946,0.01076688,0.02957634,0.000402749
2020-05-25,92.3763056,0.02796395,0.00660799,0.03457194,0.000374251
2020-05-26,80.47442225,0.01278496,0.03286128,0.04564624,0.000567214
2020-05-27,77.89905605,0.01767647,0.00478766,0.02246413,0.000288375
2020-05-28,88.34237133,0.01621177,0.00766319,0.02387496,0.000270255
2020-05-29,94.10951218,0.01362817,0.00936076,0.02298893,0.000244278
2020-05-30,68.4324487,0.02714721,0.01327116,0.04041837,0.000590632
2020-05-31,61.02644621,0.00834572,0.00639073,0.01473645,0.000241476
2020-06-01,79.7308415,0.00587354,0.00469168,0.01056522,0.000132511
2020-06-02,97.92708045,0.01163764,0.01062017,0.02225781,0.00022729
2020-06-03,82.16455447,0.00737955,0.00533413,0.01271368,0.000154734
2020-06-04,62.37744471,0.00844024,0.00698316,0.0154234,0.000247259
2020-06-05,55.99579458,0.00735914,0.018612,0.02597114,0.000463805
2020-06-06,31.92632001,0.00617733,0.00505101,0.01122834,0.000351695
2020-06-07,26.32906276,0.00756208,0.01129945,0.01886153,0.000716377
2020-06-08,41.72247948,0.00484024,0.00292551,0.00776575,0.000186129
2020-06-09,35.1746286,0.00461202,0.00674368,0.0113557,0.000322838
2020-06-10,38.3855245,0.00732739,0.0038119,0.01113929,0.000290195
2020-06-11,38.59236598,0.00378831,0.00358773,0.00737604,0.000191127
2020-06-12,29.91881048,0.00511901,0.00571471,0.01083372,0.000362104
2020-06-13,21.08345887,0.00350226,0.00691273,0.01041499,0.000493989
2020-06-14,16.29688827,0.0038389,0.00298494,0.00682384,0.00041872
2020-06-15,34.18343863,0.00403034,0.00575819,0.00978853,0.000286353
2020-06-16,50.59742513,0.01095298,0.00479043,0.01574341,0.00031115
2020-06-17,47.79264099,0.01044197,0.00785482,0.01829679,0.000382837
2020-06-18,44.08269654,0.00708796,0.00787904,0.014967,0.000339521
2020-06-19,50.27471305,0.01279107,0.00766558,0.02045665,0.000406897
2020-06-20,30.01002493,0.00574381,0.00525164,0.01099545,0.000366393
2020-06-21,24.97941736,0.00379319,0.00617766,0.00997085,0.000399163
2020-06-22,36.15947427,0.00521091,0.00760904,0.01281995,0.000354539
2020-06-23,45.81049682,0.01570138,0.00478169,0.02048307,0.000447126
2020-06-24,42.35735864,0.00501894,0.00625908,0.01127802,0.000266259
2020-06-25,40.08334016,0.00437712,0.00388687,0.00826399,0.00020617
2020-06-26,34.04227231,0.00401145,0.00285254,0.00686399,0.000201631
2020-06-27,23.40413949,0.00314297,0.00197111,0.00511408,0.000218512
2020-06-28,19.69907106,0.00373999,0.00252207,0.00626206,0.000317886
2020-06-29,33.39475024,0.00464701,0.00706931,0.01171632,0.000350843
2020-06-30,42.97241908,0.00718577,0.00461028,0.01179605,0.000274503
2020-07-01,62.82571084,0.00826747,0.0043471,0.01261457,0.000200787
2020-07-02,56.01403666,0.00798759,0.00564479,0.01363238,0.000243374
2020-07-03,53.78625541,0.00939414,0.00483894,0.01423308,0.000264623
2020-07-04,31.87048128,0.00632204,0.00291282,0.00923486,0.000289762
2020-07-05,25.1095593,0.00429776,0.00279047,0.00708823,0.000282292
2020-07-06,36.90829526,0.00338959,0.00420099,0.00759058,0.000205661
2020-07-07,40.72918894,0.00451216,0.00596878,0.01048094,0.000257332
2020-07-08,47.68607406,0.00755032,0.00539883,0.01294915,0.00027155
2020-07-09,55.08128328,0.00585741,0.00626593,0.01212334,0.000220099
2020-07-10,48.41811415,0.00563416,0.0039761,0.00961026,0.000198485
2020-07-11,32.6994024,0.00498245,0.00845092,0.01343337,0.000410814
2020-07-12,24.5852307,0.00361268,0.00433375,0.00794643,0.00032322
2020-07-13,40.91827816,0.00564815,0.01228646,0.01793461,0.000438303
2020-07-14,62.95443097,0.0053983,0.00547543,0.01087373,0.000172724
2020-07-15,64.32008944,0.00515822,0.0035805,0.00873872,0.000135863
2020-07-16,78.15856789,0.00754481,0.00588887,0.01343368,0.000171877
2020-07-17,77.30576136,0.0070297,0.0056538,0.0126835,0.000164069
2020-07-18,76.31263773,0.0066292,0.00465013,0.01127933,0.000147804
2020-07-19,45.96803343,0.00897996,0.0069682,0.01594816,0.00034694
2020-07-20,78.58857188,0.00615187,0.00679486,0.01294673,0.000164741
2020-07-21,102.28349837,0.00650133,0.00892246,0.01542379,0.000150795
2020-07-22,143.27483781,0.02190457,0.01239749,0.03430206,0.000239414
2020-07-23,135.00696882,0.01112243,0.00731306,0.01843549,0.000136552
2020-07-24,124.38037589,0.01342725,0.00906141,0.02248866,0.000180806
2020-07-25,89.04999864,0.01094844,0.01039477,0.02134321,0.000239677
2020-07-26,76.48811017,0.00887609,0.01315818,0.02203427,0.000288074
2020-07-27,121.12370183,0.00501232,0.01468115,0.01969347,0.00016259
2020-07-28,187.57139032,0.09545962,0.01130651,0.10676613,0.000569203
2020-07-29,174.64034253,0.01143847,0.01247155,0.02391002,0.00013691
2020-07-30,179.95866069,0.02015738,0.02778292,0.0479403,0.000266396
2020-07-31,171.64760126,0.0266746,0.02380642,0.05048102,0.000294097
2020-08-01,128.24563386,0.02200102,0.00871607,0.03071709,0.000239518
2020-08-02,106.63995761,0.01207028,0.00698939,0.01905967,0.000178729
2020-08-03,130.16320882,0.02224721,0.03990939,0.0621566,0.000477528
2020-08-04,111.40338573,0.0180358,0.01079244,0.02882824,0.000258773
2020-08-05,136.17255821,0.01491937,0.0085665,0.02348587,0.000172471
2020-08-06,196.22049311,0.02306871,0.01361074,0.03667945,0.00018693
2020-08-07,137.20910291,0.02263215,0.00831554,0.03094769,0.000225551
2020-08-08,78.94533308,0.01272896,0.02977562,0.04250458,0.000538405
2020-08-09,62.66872155,0.01183587,0.01567336,0.02750923,0.000438963
2020-08-10,133.6661337,0.01145856,0.0152409,0.02669946,0.000199747
2020-08-11,151.68406982,0.02653819,0.00830189,0.03484008,0.000229688
2020-08-12,125.03298526,0.01902706,0.00597979,0.02500685,0.000200002
2020-08-13,109.0639238,0.01896559,0.01904294,0.03800853,0.000348498
2020-08-14,106.55304665,0.01950406,0.00883974,0.0283438,0.000266006
2020-08-15,67.51446166,0.00893523,0.01226791,0.02120314,0.000314053
2020-08-16,60.46192206,0.00783546,0.00815976,0.01599522,0.00026455
2020-08-17,81.70844023,0.00505691,0.01277982,0.01783673,0.000218297
2020-08-18,158.12712801,0.01557631,0.0140092,0.02958551,0.0001871
2020-08-19,147.58238983,0.01715904,0.02283522,0.03999426,0.000270996
2020-08-20,130.64720271,0.02229178,0.02043751,0.04272929,0.000327059
2020-08-21,136.10850768,0.02252102,0.02045174,0.04297276,0.000315724
2020-08-22,93.50701843,0.0194923,0.02275979,0.04225209,0.00045186
2020-08-23,59.10627767,0.02421364,0.01279467,0.03700831,0.000626132
2020-08-24,78.44960678,0.00919747,0.00986928,0.01906675,0.000243045
2020-08-25,90.01230304,0.01176306,0.01187809,0.02364115,0.000262644
2020-08-26,108.47254762,0.02444443,0.01869755,0.04314198,0.000397723
2020-08-27,122.89984729,0.01794778,0.00811358,0.02606136,0.000212054
2020-08-28,103.33520898,0.00712956,0.01001823,0.01714779,0.000165943
2020-08-29,65.85260722,0.01046919,0.00916966,0.01963885,0.000298224
2020-08-30,64.10541947,0.01342815,0.01191341,0.02534156,0.000395311
2020-08-31,91.5378495,0.00761591,0.0079908,0.01560671,0.000170495
2020-09-01,125.93549409,0.01975409,0.02161997,0.04137406,0.000328534
2020-09-02,127.52455509,0.01506132,0.01109201,0.02615333,0.000205085
2020-09-03,134.31577789,0.00727589,0.01117002,0.01844591,0.000137332
2020-09-04,155.46345969,0.01299581,0.00941877,0.02241458,0.000144179
2020-09-05,119.89016848,0.01994501,0.07976192,0.09970693,0.000831652
2020-09-06,70.73735496,0.01470495,0.09544446,0.11014941,0.00155716
2020-09-07,96.71819135,0.01710938,0.01195378,0.02906316,0.000300493
2020-09-08,84.06185257,0.01753187,0.02267629,0.04020816,0.000478316
2020-09-09,89.19580011,0.01249452,0.07795447,0.09044899,0.00101405
2020-09-10,110.38966969,0.01591253,0.01971146,0.03562399,0.000322711
2020-09-11,95.1671816,0.0110256,0.00653311,0.01755871,0.000184504
2020-09-12,58.11582487,0.01131203,0.0073105,0.01862253,0.000320438
2020-09-13,49.08137942,0.01020168,0.02104286,0.03124454,0.000636586
2020-09-14,75.47218583,0.00875284,0.00663087,0.01538371,0.000203833
2020-09-15,77.13367663,0.00661372,0.00731298,0.0139267,0.000180553
2020-09-16,77.67308339,0.0079693,0.00373826,0.01170756,0.000150729
2020-09-17,70.95082777,0.00772255,0.00854602,0.01626857,0.000229294
2020-09-18,69.41040707,0.00906122,0.00623701,0.01529823,0.000220403
2020-09-19,47.55137105,0.00821983,0.00675895,0.01497878,0.000315002
2020-09-20,33.01055659,0.0043451,0.00418358,0.00852868,0.000258362
2020-09-21,61.30821173,0.00889014,0.00647835,0.01536849,0.000250676
2020-09-22,74.17250505,0.00392348,0.00624202,0.0101655,0.000137052
2020-09-23,96.11644887,0.01919545,0.01528866,0.03448411,0.000358774
2020-09-24,82.50485829,0.00759989,0.00412359,0.01172348,0.000142094
2020-09-25,77.16010813,0.00853047,0.00454862,0.01307909,0.000169506
2020-09-26,41.57240676,0.00718187,0.00742836,0.01461023,0.000351441
2020-09-27,37.58518275,0.00360246,0.00496389,0.00856635,0.000227918
2020-09-28,56.72924403,0.00485034,0.00758914,0.01243948,0.000219278
2020-09-29,82.97550888,0.01191021,0.00868069,0.0205909,0.000248156
2020-09-30,95.01594655,0.01183865,0.00596658,0.01780523,0.000187392
2020-10-01,102.03192869,0.01561913,0.00420127,0.0198204,0.000194257
2020-10-02,122.51219145,0.00881567,0.01280648,0.02162215,0.00017649
2020-10-03,71.90624176,0.00678912,0.0174516,0.02424072,0.000337116
2020-10-04,55.83238441,0.01003068,0.01587559,0.02590627,0.000464001
2020-10-05,98.28263314,0.00728979,0.02110935,0.02839914,0.000288954
2020-10-06,113.3113988,0.00778873,0.01588251,0.02367124,0.000208904
2020-10-07,111.17330476,0.00830559,0.01401447,0.02232006,0.000200768
2020-10-08,103.13964018,0.00789087,0.03208304,0.03997391,0.000387571
2020-10-09,110.78393286,0.03569219,0.02085616,0.05654835,0.000510438
2020-10-10,75.84989665,0.0076885,0.0954664,0.1031549,0.001359987
2020-10-11,51.2300507,0.00848288,0.01549399,0.02397687,0.000468024
2020-10-12,74.84716583,0.00972235,0.01347144,0.02319379,0.000309882
2020-10-13,74.0744797,0.00754621,0.02261736,0.03016357,0.000407206
2020-10-14,73.04923925,0.0096427,0.00882889,0.01847159,0.000252865
2020-10-15,78.27808305,0.00820858,0.03825041,0.04645899,0.000593512
2020-10-16,64.14505128,0.0060186,0.0071126,0.0131312,0.000204711
2020-10-17,35.43549803,0.00817587,0.0163693,0.02454517,0.000692672
2020-10-18,36.45097175,0.00417658,0.00772744,0.01190402,0.000326576
2020-10-19,50.56911143,0.00452342,0.00915873,0.01368215,0.000270563
2020-10-20,76.7422097,0.0048825,0.0111299,0.0160124,0.000208652
2020-10-21,116.64309349,0.01076178,0.01297848,0.02374026,0.000203529
2020-10-22,166.97812487,0.01327293,0.02883697,0.0421099,0.000252188
2020-10-23,144.01814194,0.02221111,0.04090565,0.06311676,0.000438256
2020-10-24,93.84222181,0.01002526,0.04098345,0.05100871,0.000543558
2020-10-25,65.2647025,0.0098045,0.013457,0.0232615,0.000356418
2020-10-26,111.29120156,0.01606099,0.015996,0.03205699,0.000288046
2020-10-27,192.23520467,0.01591072,0.00741639,0.02332711,0.000121347
2020-10-28,226.66214815,0.03595376,0.02654398,0.06249774,0.000275731
2020-10-29,259.23331542,0.0335856,0.01799333,0.05157893,0.000198967
2020-10-30,262.3479103,0.02576909,0.02020876,0.04597785,0.000175255
2020-10-31,264.03799985,0.01709002,0.03019927,0.04728929,0.0001791
2020-11-01,177.84395001,0.01517424,0.01438674,0.02956098,0.000166219
2020-11-02,209.47002028,0.0131481,0.02701144,0.04015954,0.00019172
2020-11-03,289.31055387,0.02645676,0.02864009,0.05509685,0.000190442
2020-11-04,205.03307308,0.01679389,0.01638547,0.03317936,0.000161824
2020-11-05,260.44440041,0.02278809,0.04423922,0.06702731,0.000257357
2020-11-06,239.93443805,0.03052026,0.01906128,0.04958154,0.000206646
2020-11-07,135.23452743,0.01916135,0.02825851,0.04741986,0.000350649
2020-11-08,95.69066741,0.02697159,0.02459567,0.05156726,0.000538895
2020-11-09,142.15969776,0.02316271,0.07351355,0.09667626,0.000680054
2020-11-10,154.83856057,0.02527519,0.01340988,0.03868507,0.000249841
2020-11-11,107.57989906,0.02331022,0.03233307,0.05564329,0.000517228
2020-11-12,102.8503674,0.0123037,0.03526116,0.04756486,0.000462467
2020-11-13,100.56713507,0.01478416,0.02320392,0.03798808,0.000377739
2020-11-14,59.15558129,0.02590083,0.02718744,0.05308827,0.000897435
2020-11-15,42.43351932,0.00988735,0.01736407,0.02725142,0.000642214
2020-11-16,83.45771723,0.0099878,0.01104648,0.02103428,0.000252035
2020-11-17,90.5418298,0.01267308,0.01212083,0.02479391,0.000273839
2020-11-18,97.63875126,0.01161059,0.01093568,0.02254627,0.000230915
2020-11-19,94.51871958,0.00784778,0.00661991,0.01446769,0.000153067
2020-11-20,76.35005377,0.01172423,0.00971477,0.021439,0.000280799
2020-11-21,46.90632817,0.00575265,0.01767816,0.02343081,0.000499523
2020-11-22,32.02460911,0.00613077,0.0077832,0.01391397,0.000434477
2020-11-23,56.54584603,0.00602378,0.00596564,0.01198942,0.00021203
2020-11-24,86.28199286,0.00843804,0.00809839,0.01653643,0.000191656
2020-11-25,98.62265001,0.0251251,0.01080342,0.03592852,0.000364303
2020-11-26,103.83357397,0.00842566,0.00979296,0.01821862,0.00017546
2020-11-27,84.21494944,0.00821268,0.01074563,0.01895831,0.000225118
2020-11-28,56.82034179,0.01218693,0.01059429,0.02278122,0.000400934
2020-11-29,39.86659303,0.00846852,0.00788197,0.01635049,0.00041013
2020-11-30,72.31782859,0.00460527,0.00500507,0.00961034,0.00013289
2020-12-01,145.30838285,0.01278054,0.01035839,0.02313893,0.00015924
2020-12-02,131.45675736,0.01316231,0.02233318,0.03549549,0.000270016
2020-12-03,145.79300697,0.02115671,0.03093964,0.05209635,0.000357331
2020-12-04,108.77416045,0.01455291,0.01024058,0.02479349,0.000227935
2020-12-05,69.64885485,0.01102927,0.01595344,0.02698271,0.000387411
2020-12-06,48.40721085,0.00821415,0.01096048,0.01917463,0.000396111
2020-12-07,68.46053445,0.01115534,0.01637762,0.02753296,0.000402173
2020-12-08,72.19048212,0.02049452,0.00964237,0.03013689,0.000417463
2020-12-09,72.45730838,0.01189157,0.00758955,0.01948112,0.000268863
2020-12-10,72.83324072,0.0078692,0.00579605,0.01366525,0.000187624
2020-12-11,70.49629972,0.01200513,0.00818212,0.02018725,0.000286359
2020-12-12,50.58845955,0.00527464,0.00389546,0.0091701,0.000181269
2020-12-13,39.24157325,0.00837676,0.01428365,0.02266041,0.000577459
2020-12-14,59.23612796,0.00937588,0.00762351,0.01699939,0.000286977
2020-12-15,70.05172631,0.00444682,0.00858003,0.01302685,0.00018596
2020-12-16,79.9044825,0.00353885,0.00580431,0.00934316,0.000116929
2020-12-17,162.99271891,0.004602,0.00440178,0.00900378,0.00005524
2020-12-18,195.47172795,0.01845332,0.018444,0.03689732,0.00018876
2020-12-19,119.96783128,0.01148299,0.01457304,0.02605603,0.000217192
2020-12-20,73.51502797,0.01393861,0.00917136,0.02310997,0.000314357
2020-12-21,138.56269222,0.00631417,0.03582558,0.04213975,0.00030412
2020-12-22,133.02712351,0.0216368,0.01129395,0.03293075,0.000247549
2020-12-23,143.0448766,0.01203222,0.01136241,0.02339463,0.000163547
2020-12-24,106.42944422,0.00775679,0.00855979,0.01631658,0.000153309
2020-12-25,92.48498108,0.01672337,0.01695625,0.03367962,0.000364163
2020-12-26,69.6434407,0.01379368,0.01040475,0.02419843,0.000347462
2020-12-27,91.99352853,0.00932316,0.01353763,0.02286079,0.000248504
2020-12-28,99.54006659,0.00885716,0.01260119,0.02145835,0.000215575
2020-12-29,105.85291043,0.02045439,0.0068004,0.02725479,0.000257478
2020-12-30,105.14390344,0.01636165,0.00758408,0.02394573,0.000227742
2020-12-31,113.57176447,0.01082536,0.00690386,0.01772922,0.000156106
2021-01-01,48.9429295,0.00886202,0.01395508,0.0228171,0.000466198
2021-01-02,79.69909178,0.01030798,0.0201524,0.03046038,0.000382192
2021-01-03,86.41999352,0.00861806,0.01522819,0.02384625,0.000275934
2021-01-04,108.70526856,0.01575622,0.01717111,0.03292733,0.000302905
2021-01-05,113.36599427,0.01508104,0.01247074,0.02755178,0.000243034
2021-01-06,128.51901483,0.02032413,0.0223933,0.04271743,0.000332382
2021-01-07,121.91290364,0.0140662,0.01321614,0.02728234,0.000223785
2021-01-08,135.48874516,0.02851746,0.01432525,0.04284271,0.000316209
2021-01-09,110.56125153,0.01415426,0.02058845,0.03474271,0.000314239
2021-01-10,91.95262492,0.01461581,0.01486487,0.02948068,0.000320607
2021-01-11,134.4266089,0.01075064,0.03604741,0.04679805,0.000348131
2021-01-12,164.92155849,0.02316108,0.01932952,0.0424906,0.000257641
2021-01-13,136.57891971,0.02263839,0.0290926,0.05173099,0.000378763
2021-01-14,141.41290282,0.01467872,0.0163388,0.03101752,0.00021934
2021-01-15,147.1733412,0.01499696,0.02380569,0.03880265,0.000263653
2021-01-16,88.49242381,0.02358004,0.00730231,0.03088235,0.000348983
2021-01-17,66.3131404,0.020089,0.01580213,0.03589113,0.000541237
2021-01-18,84.66634149,0.01575405,0.01576258,0.03151663,0.000372245
2021-01-19,97.54256535,0.0164991,0.01500554,0.03150464,0.000322984
2021-01-20,93.48072207,0.01522841,0.00763858,0.02286699,0.000244617
2021-01-21,120.18381959,0.01231905,0.0094889,0.02180795,0.000181455
2021-01-22,114.62270064,0.02322101,0.00794143,0.03116244,0.00027187
2021-01-23,76.76292004,0.02263741,0.01001841,0.03265582,0.000425411
2021-01-24,57.55749934,0.02473632,0.01516603,0.03990235,0.000693261
2021-01-25,100.68549632,0.01420462,0.0077975,0.02200212,0.000218523
2021-01-26,81.76261987,0.01184764,0.00780363,0.01965127,0.000240345
2021-01-27,83.09629503,0.01162227,0.01031616,0.02193843,0.000264012
2021-01-28,85.90032403,0.01188261,0.0090462,0.02092881,0.000243641
2021-01-29,167.42570567,0.00634063,0.00626615,0.01260678,0.000075298
2021-01-30,138.4634188,0.01342304,0.01050222,0.02392526,0.000172791
2021-01-31,100.53995062,0.02488217,0.02148508,0.04636725,0.000461182
2021-02-01,127.71219328,0.0131497,0.00632374,0.01947344,0.000152479
2021-02-02,148.60848523,0.02238956,0.00952488,0.03191444,0.000214755
2021-02-03,134.25151418,0.02625999,0.01339329,0.03965328,0.000295366
2021-02-04,166.88644765,0.01936726,0.01716283,0.03653009,0.000218892
2021-02-05,143.88940881,0.07742872,0.00933589,0.08676461,0.000602995
2021-02-06,118.30315423,0.01658152,0.01067513,0.02725665,0.000230397
2021-02-07,84.69193061,0.01783089,0.01882498,0.03665587,0.000432814
2021-02-08,134.17229408,0.01166194,0.02958223,0.04124417,0.000307397
2021-02-09,196.39438398,0.02378914,0.02184444,0.04563358,0.000232357
2021-02-10,168.16327939,0.02654625,0.0262083,0.05275455,0.00031371
2021-02-11,185.34915975,0.01093793,0.02757296,0.03851089,0.000207775
2021-02-12,202.39953166,0.02836948,0.01529129,0.04366077,0.000215716
2021-02-13,144.37461607,0.02279649,0.0144704,0.03726689,0.000258126
2021-02-14,104.20186702,0.02499313,0.01327212,0.03826525,0.000367222
2021-02-15,123.39921418,0.02941784,0.02070341,0.05012125,0.000406172
2021-02-16,120.02466217,0.02315936,0.01506069,0.03822005,0.000318435
2021-02-17,141.65569341,0.05848599,0.01339759,0.07188358,0.000507453
2021-02-18,147.7772036,0.04370915,0.04505241,0.08876156,0.000600644
2021-02-19,160.8131248,0.02459276,0.02224143,0.04683419,0.000291234
2021-02-20,147.82061349,0.04216111,0.01091362,0.05307473,0.000359048
2021-02-21,115.1023589,0.01881272,0.014664,0.03347672,0.000290843
2021-02-22,131.78857835,0.01209486,0.01372752,0.02582238,0.000195938
2021-02-23,183.30218417,0.01772541,0.01225834,0.02998375,0.000163576
2021-02-24,189.53228184,0.03467067,0.01569051,0.05036118,0.000265713
2021-02-25,152.5275507,0.02779925,0.01837713,0.04617638,0.000302741
2021-02-26,148.88654397,0.03512792,0.02033408,0.055462,0.000372512
2021-02-27,104.30987345,0.03473452,0.01920701,0.05394153,0.000517128
2021-02-28,82.9966035,0.02042796,0.0299198,0.05034776,0.000606624
2021-03-01,121.8366855,0.02426764,0.02039826,0.0446659,0.000366605
2021-03-02,132.76436336,0.02066352,0.01471141,0.03537493,0.000266449
2021-03-03,132.69783597,0.02229202,0.05508166,0.07737368,0.000583082
2021-03-04,112.95932744,0.02739475,0.01153906,0.03893381,0.000344671
2021-03-05,114.36413149,0.02376685,0.02876926,0.05253611,0.000459376
2021-03-06,77.90335234,0.02514802,0.01861908,0.0437671,0.000561813
2021-03-07,71.23197281,0.03892728,0.02303453,0.06196181,0.00086986
2021-03-08,90.54984595,0.02049615,0.01622316,0.03671931,0.000405515
2021-03-09,105.13812344,0.03691181,0.01516186,0.05207367,0.000495288
2021-03-10,110.26524229,0.01801042,0.01721838,0.0352288,0.000319491
2021-03-11,111.07819319,0.01672578,0.01117978,0.02790556,0.000251224
2021-03-12,117.22083707,0.01682727,0.01239545,0.02922272,0.000249296
2021-03-13,116.89602986,0.01275066,0.00802417,0.02077483,0.000177721
2021-03-14,88.42655079,0.03110498,0.01841894,0.04952392,0.000560057
2021-03-15,112.98700186,0.02663952,0.01465563,0.04129515,0.000365486
2021-03-16,110.36555412,0.02382283,0.01719779,0.04102062,0.00037168
2021-03-17,105.85182641,0.02614557,0.0111767,0.03732227,0.00035259
2021-03-18,137.22857009,0.01847057,0.0122003,0.03067087,0.000223502
2021-03-19,116.3394505,0.02284273,0.02356775,0.04641048,0.000398923
2021-03-20,83.6624451,0.05490598,0.01855387,0.07345985,0.00087805
2021-03-21,60.90937887,0.03565787,0.01684515,0.05250302,0.000861986
2021-03-22,85.02407558,0.02073089,0.03924562,0.05997651,0.000705406
2021-03-23,81.33099632,0.02370277,0.02532054,0.04902331,0.000602763
2021-03-24,82.50633318,0.07941935,0.01342213,0.09284148,0.001125265
2021-03-25,84.22920835,0.02428725,0.04073214,0.06501939,0.000771934
2021-03-26,81.24149212,0.01347484,0.0067538,0.02022864,0.000248994
2021-03-27,66.63385307,0.02205083,0.01133505,0.03338588,0.000501035
2021-03-28,58.0019003,0.02097873,0.02139765,0.04237638,0.000730603
2021-03-29,80.75440104,0.01706815,0.01066132,0.02772947,0.00034338
2021-03-30,96.60323961,0.0185068,0.01538828,0.03389508,0.000350869
2021-03-31,102.46272988,0.01974648,0.01352657,0.03327305,0.000324733
2021-04-01,89.99759848,0.01807104,0.01140071,0.02947175,0.000327473
2021-04-02,89.40831777,0.0181841,0.01609285,0.03427695,0.000383375
2021-04-03,83.94064657,0.03979742,0.02001204,0.05980946,0.000712521
2021-04-04,67.19764156,0.03098042,0.02566329,0.05664371,0.000842942
2021-04-05,94.45873703,0.03172094,0.01417516,0.0458961,0.000485885
2021-04-06,106.4140201,0.02853517,0.01527415,0.04380932,0.000411687
2021-04-07,101.05145592,0.0342114,0.01643019,0.05064159,0.000501147
2021-04-08,91.57976849,0.02526062,0.0138297,0.03909032,0.000426844
2021-04-09,116.38720157,0.02328465,0.01692638,0.04021103,0.000345494
2021-04-10,89.98889542,0.02517883,0.02408445,0.04926328,0.000547437
2021-04-11,62.986716,0.02498328,0.02122509,0.04620837,0.000733621
2021-04-12,91.77280048,0.01945319,0.02525447,0.04470766,0.000487156
2021-04-13,101.83157379,0.01787859,0.05222602,0.07010461,0.000688437
2021-04-14,136.184935,0.02625174,0.01488565,0.04113739,0.00030207
2021-04-15,155.28849387,0.02585173,0.02401052,0.04986225,0.000321094
2021-04-16,140.32071554,0.01319195,0.01101207,0.02420402,0.000172491
2021-04-17,163.57372065,0.01240636,0.02014464,0.032551,0.000198999
2021-04-18,214.730004,0.02688414,0.02323833,0.05012247,0.000233421
2021-04-19,215.81663228,0.01375817,0.03610004,0.04985821,0.000231021
2021-04-20,301.82822747,0.05405269,0.02523462,0.07928731,0.00026269
2021-04-21,255.76779687,0.02482906,0.03124102,0.05607008,0.000219223
2021-04-22,299.48661393,0.03012489,0.03128324,0.06140813,0.000205045
2021-04-23,269.69861797,0.05345982,0.04533779,0.09879761,0.000366326
2021-04-24,168.40346403,0.04916248,0.03365307,0.08281555,0.000491769
2021-04-25,116.28990254,0.0400767,0.02711938,0.06719608,0.000577832
2021-04-26,167.75242549,0.0283806,0.02526613,0.05364673,0.000319797
2021-04-27,162.30809661,0.04878264,0.03213125,0.08091389,0.00049852
2021-04-28,135.93971322,0.03083936,0.02674187,0.05758123,0.000423579
2021-04-29,144.83893144,0.04770239,0.02596175,0.07366414,0.000508594
2021-04-30,143.19592537,0.03185742,0.02400882,0.05586624,0.000390138
2021-05-01,102.11777001,0.02752521,0.03657573,0.06410094,0.000627716
2021-05-02,84.96711422,0.04489311,0.0231301,0.06802321,0.000800583
2021-05-03,110.92207204,0.04062287,0.04049605,0.08111892,0.000731315
2021-05-04,99.39773164,0.02978348,0.03495678,0.06474026,0.000651325
2021-05-05,99.91331161,0.02554798,0.04286332,0.0684113,0.000684707
2021-05-06,109.52237759,0.04477638,0.02171634,0.06649272,0.000607115
2021-05-07,104.37313018,0.02950437,0.02855591,0.05806028,0.000556276
2021-05-08,87.22182167,0.02370237,0.02281403,0.0465164,0.000533311
2021-05-09,70.02960279,0.02645349,0.02207426,0.04852775,0.000692961
2021-05-10,101.0186759,0.03016307,0.02182678,0.05198985,0.000514656
2021-05-11,81.7941491,0.02891868,0.03146788,0.06038656,0.000738275
2021-05-12,76.9850474,0.0255847,0.01925701,0.04484171,0.000582473
2021-05-13,71.87175961,0.01870889,0.01232702,0.03103591,0.000431823
2021-05-14,73.24696887,0.01664973,0.02329544,0.03994517,0.000545349
2021-05-15,62.46237806,0.02496261,0.0128081,0.03777071,0.000604695
2021-05-16,52.09453128,0.01713112,0.01454749,0.03167861,0.000608099
2021-05-17,76.18906998,0.01891345,0.01840551,0.03731896,0.00048982
2021-05-18,67.16487365,0.01605546,0.01321575,0.02927121,0.000435811
2021-05-19,122.72483714,0.0165615,0.00795998,0.02452148,0.000199809
2021-05-20,132.47635443,0.01622921,0.01391883,0.03014804,0.000227573
2021-05-21,131.0112292,0.02671442,0.01216274,0.03887716,0.000296747
2021-05-22,102.38136843,0.04010841,0.02272527,0.06283368,0.000613722
2021-05-23,81.40750025,0.02715076,0.01714947,0.04430023,0.000544179
2021-05-24,96.80240917,0.03833187,0.02152228,0.05985415,0.000618313
2021-05-25,85.81822949,0.02396029,0.01751529,0.04147558,0.000483296
2021-05-26,77.84761507,0.02291877,0.01820835,0.04112712,0.000528303
2021-05-27,66.11489877,0.02807052,0.01017728,0.0382478,0.000578505
2021-05-28,69.5359404,0.03314941,0.01822409,0.0513735,0.000738805
2021-05-29,47.41707608,0.02988116,0.0126733,0.04255446,0.00089745
2021-05-30,36.61522259,0.01808556,0.01831225,0.03639781,0.000994062
2021-05-31,45.4870597,0.01710874,0.01150016,0.0286089,0.000628946
2021-06-01,47.27694126,0.01280834,0.01630673,0.02911507,0.000615841
2021-06-02,51.13396379,0.01777089,0.02076933,0.03854022,0.000753711
2021-06-03,49.88165984,0.01372462,0.01455426,0.02827888,0.000566919
2021-06-04,42.34176905,0.00852888,0.00667353,0.01520241,0.000359041
2021-06-05,29.64127178,0.01083069,0.00726543,0.01809612,0.000610504
2021-06-06,22.57898242,0.02840411,0.01144064,0.03984475,0.001764683
2021-06-07,34.55680156,0.0113704,0.00989891,0.02126931,0.000615488
2021-06-08,35.24728441,0.00689844,0.02224583,0.02914427,0.000826852
2021-06-09,33.33885934,0.00640473,0.00755275,0.01395748,0.000418655
2021-06-10,46.37133257,0.00818256,0.00813699,0.01631955,0.000351932
2021-06-11,40.70747209,0.02955739,0.01050596,0.04006335,0.000984177
2021-06-12,35.49104781,0.01457995,0.00935857,0.02393852,0.000674495
2021-06-13,23.21278287,0.01353611,0.00916973,0.02270584,0.000978161
2021-06-14,37.66131593,0.01280184,0.01210862,0.02491046,0.000661434
2021-06-15,38.74350448,0.0148391,0.0068516,0.0216907,0.000559854
2021-06-16,39.07788406,0.01199113,0.00693745,0.01892858,0.000484381
2021-06-17,31.36802117,0.01028057,0.00681585,0.01709642,0.000545027
2021-06-18,31.06595877,0.00719632,0.00467327,0.01186959,0.000382077
2021-06-19,24.63341487,0.01191566,0.00555922,0.01747488,0.000709397
2021-06-20,22.72158564,0.00642042,0.00633202,0.01275244,0.000561248
2021-06-21,40.26731551,0.0085015,0.00745197,0.01595347,0.000396189
2021-06-22,47.7962256,0.01329705,0.00883504,0.02213209,0.000463051
2021-06-23,56.04309666,0.02034585,0.01112315,0.031469,0.000561514
2021-06-24,48.02010375,0.0273497,0.01417239,0.04152209,0.000864681
2021-06-25,44.14299514,0.01586257,0.00998079,0.02584336,0.000585446
2021-06-26,29.41355944,0.01119042,0.0087113,0.01990172,0.000676617
2021-06-27,26.16336659,0.01451249,0.007659,0.02217149,0.000847425
2021-06-28,53.65445874,0.0288458,0.02135206,0.05019786,0.000935577
2021-06-29,53.15166531,0.0221112,0.01040601,0.03251721,0.000611782
2021-06-30,61.11540178,0.05095776,0.00958141,0.06053917,0.000990571
2021-07-01,73.78409005,0.02878554,0.00945232,0.03823786,0.00051824
2021-07-02,61.9630791,0.01477081,0.00658522,0.02135603,0.000344657
2021-07-03,59.20304249,0.03109987,0.01489652,0.04599639,0.000776926
2021-07-04,43.43080853,0.02642684,0.02106736,0.0474942,0.00109356
2021-07-05,47.5471617,0.02644174,0.05257021,0.07901195,0.00166176
2021-07-06,47.07463852,0.01636044,0.01610753,0.03246797,0.000689713
2021-07-07,37.84821193,0.01312955,0.00820135,0.0213309,0.000563591
2021-07-08,29.27812987,0.01355605,0.00973434,0.02329039,0.000795488
2021-07-09,26.87713908,0.00767473,0.00607601,0.01375074,0.000511615
2021-07-10,19.19553059,0.00602984,0.00509195,0.01112179,0.000579395
2021-07-11,18.53739928,0.00644375,0.00650009,0.01294384,0.000698255
2021-07-12,28.72162766,0.00578702,0.00382621,0.00961323,0.000334704
2021-07-13,31.73245377,0.00848823,0.00433451,0.01282274,0.000404089
2021-07-14,24.9240539,0.02145639,0.00583748,0.02729387,0.001095081
2021-07-15,22.7209689,0.00559474,0.00452401,0.01011875,0.000445349
2021-07-16,17.2893853,0.00397819,0.00289497,0.00687316,0.000397536
2021-07-17,12.65780545,0.05215078,0.00437235,0.05652313,0.004465476
2021-07-18,12.12471021,0.06483716,0.00324246,0.06807962,0.005614948
2021-07-19,18.99857021,0.0035829,0.00391295,0.00749585,0.000394548
2021-07-20,17.82706537,0.00923207,0.00612309,0.01535516,0.00086134
2021-07-21,14.46793351,0.0112819,0.00483154,0.01611344,0.001113735
2021-07-22,14.2107237,0.00309969,0.00618487,0.00928456,0.000653349
2021-07-23,19.32456402,0.0112264,0.0030882,0.0143146,0.000740746
2021-07-24,12.81976248,0.00588017,0.00638,0.01226017,0.000956349
2021-07-25,9.73362749,0.00229988,0.00184871,0.00414859,0.000426212
2021-07-26,18.2917915,0.01499102,0.00316818,0.0181592,0.000992751
2021-07-27,16.09834526,0.03317754,0.00409738,0.03727492,0.00231545
2021-07-28,15.54979861,0.00325513,0.00401352,0.00726865,0.000467443
2021-07-29,14.99516606,0.00305507,0.00393936,0.00699443,0.000466446
2021-07-30,14.57284333,0.00298313,0.00687261,0.00985574,0.000676309
2021-07-31,11.2248789,0.00224079,0.01465423,0.01689502,0.001505141
2021-08-01,9.61403099,0.00428252,0.00525082,0.00953334,0.000991607
2021-08-02,13.48262663,0.00463208,0.00398469,0.00861677,0.000639102
2021-08-03,12.79990803,0.00718307,0.00231363,0.0094967,0.000741935
2021-08-04,15.07289964,0.00552458,0.00415789,0.00968247,0.000642376
2021-08-05,14.89158987,0.00686264,0.00339601,0.01025865,0.000688889
2021-08-06,14.23845039,0.01266816,0.0021827,0.01485086,0.001043011
2021-08-07,10.39350502,0.00749584,0.00248556,0.0099814,0.00096035
2021-08-08,9.83724061,0.00542417,0.00355218,0.00897635,0.000912487
2021-08-09,13.53615805,0.00290259,0.00894543,0.01184802,0.000875287
2021-08-10,13.95977464,0.00456473,0.00393147,0.0084962,0.00060862
2021-08-11,13.26988548,0.01499713,0.00217735,0.01717448,0.001294245
2021-08-12,12.85190429,0.0134314,0.00163254,0.01506394,0.001172117
2021-08-13,23.58622459,0.01175631,0.00309524,0.01485155,0.000629671
2021-08-14,10.89801795,0.00511381,0.00292225,0.00803606,0.000737387
2021-08-15,9.72936957,0.00287394,0.00340398,0.00627792,0.000645255
2021-08-16,16.33277114,0.00013926,0.0004779,0.00061716,0.000037787
2021-08-17,1.99231176,0,0,0,0
